sku,configurable_variations
T26Z,"sku=T26Z-1F8,color=1.0 FOLIO FOR IPAD BERRYLICIOUS DITZI DAYSI|sku=T26Z-008,color=1.0 FOLIO FOR IPAD BLACK|sku=T26Z-1F3,color=1.0 FOLIO FOR IPAD BLACK MULTI SHORT CIRCUIT|sku=T26Z-9XV,color=1.0 FOLIO FOR IPAD BLACK WHITE FLUORESCENT PINK MISS ZEBRA|sku=T26Z-9RW,color=1.0 FOLIO FOR IPAD MAMMOTH BLUE|sku=T26Z-1E5,color=1.0 FOLIO FOR IPAD PINK PANSY PRESTON PLAID"
T17E,"sku=T17E-1G2,color=1.0 SLEEVE FOR IPAD BERRYLICIOUS VINTAGE FLORAL CANVAS|sku=T17E-008,color=1.0 SLEEVE FOR IPAD BLACK|sku=T17E-1F3,color=1.0 SLEEVE FOR IPAD BLACK MULTI SHORT CIRCUIT|sku=T17E-9XV,color=1.0 SLEEVE FOR IPAD BLACK WHITE FLUORESCENT PINK MISS ZEBRA|sku=T17E-5KS,color=1.0 SLEEVE FOR IPAD HIGH RISH RED|sku=T17E-9RW,color=1.0 SLEEVE FOR IPAD MAMMOTH BLUE|sku=T17E-9SF,color=1.0 SLEEVE FOR IPAD PINK PANSY|sku=T17E-1G4,color=1.0 SLEEVE FOR IPAD PINK PANSY MUTED SAFARI|sku=T17E-1E5,color=1.0 SLEEVE FOR IPAD PINK PANSY PRESTON PLAID"
T17D,"sku=T17D-9XV,color=13'' 1.0 LAPTOP SLEEVE  BLACK WHITE FLUORECENT PINK MISS ZEBRA|sku=T17D-1G2,color=13'' 1.0 LAPTOP SLEEVE BERRYLICIOUS VINTAGE FLORAL CANVAS|sku=T17D-008,color=13'' 1.0 LAPTOP SLEEVE BLACK|sku=T17D-1F3,color=13'' 1.0 LAPTOP SLEEVE BLACK MULTI SHORT CIRCUIT|sku=T17D-5KS,color=13'' 1.0 LAPTOP SLEEVE HIGH RISK RED|sku=T17D-9RW,color=13'' 1.0 LAPTOP SLEEVE MAMMOTH BLUE|sku=T17D-1G4,color=13'' 1.0 LAPTOP SLEEVE PINK PANSY MUTED SAFARI|sku=T17D-1E5,color=13'' 1.0 LAPTOP SLEEVE PINK PANSY PRESTON PLAID"
T12H,"sku=T12H-9PC,color=13'' 2.0 SLEEVE FOR LAPTOP AND IPAD BLACK GLOSS ZEBRA|sku=T12H-212,color=13'' 2.0 SLEEVE FOR LAPTOP AND IPAD CARAMEL LEOPARD|sku=T12H-6XJ,color=13'' 2.0 SLEEVE FOR LAPTOP AND IPAD GREY TAR|sku=T12H-7PB,color=13'' 2.0 SLEEVE FOR LAPTOP AND IPAD WHITE BLACK CRAYON FLOWER"
T17C,"sku=T17C-1G2,color=15'' 1.0 LAPTOP SLEEVE BERRYLICIOUS VINTAGE FRORAL CANVAS|sku=T17C-008,color=15'' 1.0 LAPTOP SLEEVE BLACK|sku=T17C-9XV,color=15'' 1.0 LAPTOP SLEEVE BLACK WHITE FLUORECENT PINK MISS ZEBRA|sku=T17C-1F3,color=15'' 1.0 LAPTOP SLEEVE BLCK MULTI SHORT CIRCUIT|sku=T17C-5KS,color=15'' 1.0 LAPTOP SLEEVE HIGH RISK RED|sku=T17C-9RW,color=15'' 1.0 LAPTOP SLEEVE MAMMOTH BLUE|sku=T17C-1G4,color=15'' 1.0 LAPTOP SLEEVE PINK PANSY MUTED SAFARI|sku=T17C-1E5,color=15'' 1.0 LAPTOP SLEEVE PINK PANSY PRESTON PLAID"
T12G,"sku=T12G-9PC,color=15'' 2.0 SLEEVE FOR LAPTOP AND IPAD BLACK GLOSS ZEBRA|sku=T12G-212,color=15'' 2.0 SLEEVE FOR LAPTOP AND IPAD CARAMEL LEOPARD|sku=T12G-6XJ,color=15'' 2.0 SLEEVE FOR LAPTOP AND IPAD GREY TAR|sku=T12G-7PB,color=15'' 2.0 SLEEVE FOR LAPTOP AND IPAD WHITE BLACK CRAYON FLOWER"
T27A,"sku=T27A-9PC,color=2.0 FOLIO FOR IPAD BLACK GLOSS ZEBRA|sku=T27A-ZY1,color=2.0 FOLIO FOR IPAD BLACK ONYX|sku=T27A-212,color=2.0 FOLIO FOR IPAD CARAMEL LEOPARD|sku=T27A-ZM0,color=2.0 FOLIO FOR IPAD FUN FLORAL ON DENIM|sku=T27A-6XJ,color=2.0 FOLIO FOR IPAD GREY TAR"
T12J,"sku=T12J-6XJ,color=2.0 SLEEVE FOR  IPAD GREY TAR"
JS00T69J,"sku=JS00T69J-0WJ,color=ABBIE CHAMBRAY SWEET BLOSSOM|sku=JS00T69J-0LM,color=ABBIE CORAL PEACHES METALLIC COAT|sku=JS00T69J-0TR,color=ABBIE GOLD 3D STARS|sku=JS00T69J-0LN,color=ABBIE MULTI PALM DENIM|sku=JS00T69J-0FF,color=ABBIE MULTI SURF STRIPE|sku=JS00T69J-0U3,color=ABBIE NAVY TWIGGY DOG JACQUARD"
JS00T14F,"sku=JS00T14F-008,color=AGAVE BLACK|sku=JS00T14F-0UT,color=AGAVE BOZEMAN BROWN/FIELD TAN|sku=JS00T14F-0UY,color=AGAVE FORGE GREY/RED TAPE|sku=JS00T14F-0XN,color=AGAVE MOROCCAN DEEP MIDNIGHT SKY"
T26L,"sku=T26L-9ER,color=ALL PURPOSE  BLUE WASH|sku=T26L-008,color=ALL PURPOSE BLACK|sku=T26L-8WG,color=ALL PURPOSE CORAL SPARKLE|sku=T26L-9RX,color=ALL PURPOSE FLUORESCENT PINK|sku=T26L-9RS,color=ALL PURPOSE SHADY GREY"
JS00T71A,"sku=T71A-9ZG,color=AUSTIN AQUA DASH|sku=JS00T71A-008,color=AUSTIN BLACK|sku=T71A-008,color=AUSTIN BLACK|sku=JS00T71A-0JR,color=AUSTIN BLACK PAINTBALL|sku=T71A-9SA,color=AUSTIN CORAL PEACHES|sku=T71A-ZU3,color=AUSTIN DESERT BEIGE CONFLICT CAMO|sku=JS00T71A-6XD,color=AUSTIN FORGE GREY|sku=T71A-6XD,color=AUSTIN FORGE GREY|sku=JS00T71A-0KL,color=AUSTIN MULTI CONCRETE FLORAL|sku=JS00T71A-0KP,color=AUSTIN MULTI FREQUENCY|sku=JS00T71A-0N9,color=AUSTIN MULTI MIDNIGHT BOUQUET|sku=JS00T71A-0E2,color=AUSTIN MULTI NAVY MOUNTAIN MEADOW|sku=JS00T71A-0VZ,color=AUSTIN MULTI WHITE FLORAL HAZE|sku=JS00T71A-9ZH,color=AUSTIN NAVY MOONSHINE|sku=T71A-9ZH,color=AUSTIN NAVY MOONSHINE|sku=JS00T71A-9FL,color=AUSTIN VIKING RED|sku=T71A-9FL,color=AUSTIN VIKING RED|sku=JS00T71A-0WT,color=AUTIN AQUA DASH SCRIBBLED INK"
T49A,"sku=T49A-9RX,color=BASSIC ACCESORY FLUORECENT PINK|sku=T49A-9RW,color=BASSIC ACCESORY MAMMONTH BLUE|sku=T49A-1U1,color=BASSIC ACCESORY POUCH MAMMOTH BLUE ZOOT SUIT"
T50A,"sku=T50A-9ZG,color=BEATNIK AQUA DASH|sku=T50A-008,color=BEATNIK BLACK|sku=T50A-9W1,color=BEATNIK BLUE DENIM|sku=T50A-2C9,color=BEATNIK CORAL DUSK|sku=T50A-ZB6,color=BEATNIK NAVY TOKYONIGHTS|sku=T50A-ZB3,color=BEATNIK VIVID PURPLE ACAPULCO OMBRE STRIPE|sku=T50A-8WU,color=BEATNIK YELLOW JACKETsku=JS0A2T3D-0NR,color=BENTO BOX CORAL SPARKLE WHITE DOTS|sku=JS0A2T3D-6XD,color=BENTO BOX FORGE GREY|sku=JS0A2T3D-0KT,color=BENTO BOX MULTI BENTO BOX|sku=JS0A2T3D-0KL,color=BENTO BOX MULTI CONCRETE FLORAL|sku=JS0A2T3D-0E2,color=BENTO BOX MULTI NAVY MOUNTAIN MEADOW|sku=JS0A2T3D-0MV,color=BENTO BOX MULTI RED GALAXY"
JS0A2T3D,"sku=JS0A2T3D-0NR,color=BENTO BOX CORAL SPARKLE WHITE DOTS|sku=JS0A2T3D-6XD,color=BENTO BOX FORGE GREY|sku=JS0A2T3D-0KT,color=BENTO BOX MULTI BENTO BOX|sku=JS0A2T3D-0KL,color=BENTO BOX MULTI CONCRETE FLORAL|sku=JS0A2T3D-0E2,color=BENTO BOX MULTI NAVY MOUNTAIN MEADOW|sku=JS0A2T3D-0MV,color=BENTO BOX MULTI RED GALAXY"
JS00TDN7,"sku=JS00TDN7-0DH,color=BIG STUDENT AMAZON GREEN|sku=JS00TDN7-9ZG,color=BIG STUDENT AQUA DASH|sku=JS00TDN7-0JJ,color=BIG STUDENT AQUA DASH JAGGED PLAID|sku=JS00TDN7-0WT,color=BIG STUDENT AQUA DASH SCRIBBLED INK|sku=TDN7-ZN6,color=BIG STUDENT AQUA DASH SPOTS|sku=JS00TDN7-008,color=BIG STUDENT BLACK|sku=TDN7-008,color=BIG STUDENT BLACK|sku=JS00TDN7-0KM,color=BIG STUDENT BLACK ARCADE PLAID|sku=JS00TDN7-0A8,color=BIG STUDENT BLACK KISS ME QUICK|sku=TDN7-0AA,color=BIG STUDENT BLACK LUCKY DAISY|sku=TDN7-1F3,color=BIG STUDENT BLACK MULTI SHORT CIRCUIT|sku=JS00TDN7-0JR,color=BIG STUDENT BLACK PAINTBALL|sku=JS00TDN7-01F,color=BIG STUDENT BLUE CREST|sku=JS00TDN7-5CS,color=BIG STUDENT BLUE STREAK|sku=JS00TDN7-0DR,color=BIG STUDENT BLUE TOPAZ OH BANANAS|sku=TDN7-ZT8,color=BIG STUDENT CORAL DUSK SPOTS|sku=TDN7-09Z,color=BIG STUDENT CORAL PEACH DRAGON FLIGHT|sku=TDN7-ZM4,color=BIG STUDENT CORAL PEACH WILD AT HEART|sku=JS00TDN7-8WG,color=BIG STUDENT CORAL SPARKLE|sku=JS00TDN7-01B,color=BIG STUDENT CYBER PINK|sku=JS00TDN7-ZU3,color=BIG STUDENT DESERT BEIGE CONFLICT CAMO|sku=JS00TDN7-0EF,color=BIG STUDENT DOWN TOWN BROWN CAMO STRIPE|sku=JS00TDN7-04W,color=BIG STUDENT FIELD TAN|sku=TDN7-9RX,color=BIG STUDENT FLOURECENT PINK|sku=JS00TDN7-6XD,color=BIG STUDENT FORGE GREY|sku=JS00TDN7-0WS,color=BIG STUDENT GOOSE GREY URBAN OASIS|sku=TDN7-1D3,color=BIG STUDENT GREEN BATTLE GROUND|sku=JS00TDN7-0BE,color=BIG STUDENT GREY RABBIT SYLVIA DOT|sku=TDN7-ZE6,color=BIG STUDENT GREY TAR WILD AT HEART|sku=JS00TDN7-5KS,color=BIG STUDENT HIGH RISK RED|sku=TDN7-5KS,color=BIG STUDENT HIGH RISK RED|sku=JS00TDN7-0K6,color=BIG STUDENT JANSPORT NAVY NIGHT SKY|sku=JS00TDN7-0AK,color=BIG STUDENT LIPSTICK PINK TEA ROSE DITZY|sku=TDN7-0AP,color=BIG STUDENT MAMMOTH BLUE WILD AT HEART|sku=JS00TDN7-0KH,color=BIG STUDENT MIDNIGHT SKY FLORAL STRIPE|sku=JS00TDN7-09V,color=BIG STUDENT MULTI ASTRO KITTY|sku=JS00TDN7-0XJ,color=BIG STUDENT MULTI CALI POPPY|sku=JS00TDN7-0KL,color=BIG STUDENT MULTI CONCRETE FLORAL|sku=JS00TDN7-0JE,color=BIG STUDENT MULTI DIAMOND ARROWS|sku=JS00TDN7-09Y,color=BIG STUDENT MULTI DONUTS|sku=JS00TDN7-0UE,color=BIG STUDENT MULTI FLOWER EXPLOSION|sku=JS00TDN7-0KP,color=BIG STUDENT MULTI FREQUENCY|sku=JS00TDN7-0VT,color=BIG STUDENT MULTI GARDEN SPACE|sku=JS00TDN7-0DQ,color=BIG STUDENT MULTI HOT TROPIC|sku=JS00TDN7-0WR,color=BIG STUDENT MULTI JUNGLE JAM|sku=JS00TDN7-0JL,color=BIG STUDENT MULTI LAVA LAMP|sku=JS00TDN7-0X1,color=BIG STUDENT MULTI NAVY CONNECT FOUR|sku=JS00TDN7-0E2,color=BIG STUDENT MULTI NAVY MOUNTAIN MEADOW|sku=JS00TDN7-0AC,color=BIG STUDENT MULTI O X O|sku=JS00TDN7-0JP,color=BIG STUDENT MULTI ORNATE BLUES|sku=JS00TDN7-0DU,color=BIG STUDENT MULTI PAINTED DITZY|sku=TDN7-0AG,color=BIG STUDENT MULTI PEACOCK|sku=JS00TDN7-0JS,color=BIG STUDENT MULTI SAUCY CHEVRON|sku=JS00TDN7-0WZ,color=BIG STUDENT MULTI SOUTH SWELL|sku=JS00TDN7-0UG,color=BIG STUDENT MULTI SPECKLED SPACE|sku=JS00TDN7-0KN,color=BIG STUDENT MULTI STICKERS|sku=JS00TDN7-0E9,color=BIG STUDENT MULTI SUNSET STRIPE|sku=JS00TDN7-0JW,color=BIG STUDENT MULTI TEXTURE STRIPE|sku=JS00TDN7-0EM,color=BIG STUDENT MULTI TROPIC GOLD|sku=JS00TDN7-0KJ,color=BIG STUDENT MULTI VARIEGATED STRIPE|sku=JS00TDN7-0L2,color=BIG STUDENT MULTI WET SLOTH|sku=JS00TDN7-003,color=BIG STUDENT NAVY|sku=JS00TDN7-0VQ,color=BIG STUDENT NAVY SWEET BLOSSOM|sku=TDN7-1W6,color=BIG STUDENT PINK PANSY CONFETTI DOTS|sku=JS00TDN7-0DG,color=BIG STUDENT PURPLE PLUM|sku=JS00TDN7-5XP,color=BIG STUDENT RED TAPE|sku=TDN7-06F,color=BIG STUDENT RED TAPE GRUNGE STRIPE|sku=JS00TDN7-0N0,color=BIG STUDENT RED TAPE/LAND AHOY|sku=JS00TDN7-0D6,color=BIG STUDENT SEAFOM GREEN|sku=JS00TDN7-0K4,color=BIG STUDENT SHADY GREY / WHITE DOTS|sku=JS00TDN7-0VN,color=BIG STUDENT SHADY GREY SHADOW ANGLES|sku=JS00TDN7-01H,color=BIG STUDENT SPANISH TEAL|sku=JS00TDN7-0D5,color=BIG STUDENT TAHITIAN ORANGE|sku=JS00TDN7-0P7,color=BIG STUDENT TAHITIAN ORANGE WHITE DOTS|sku=TDN7-9FL,color=BIG STUDENT VIKING RED|sku=TDN7-2C8,color=BIG STUDENT VIVID PURPLE"
JS00T75K,"sku=JS00T75K-0NZ,color=BIG STUDENT OVEREXPOSED BLACK AQUA DASH|sku=JS00T75K-1J0,color=BIG STUDENT OVEREXPOSED BLACK FLUORESCENT PINK|sku=T75K-1J0,color=BIG STUDENT OVEREXPOSED BLACK FLUORESCENT PINK|sku=JS00T75K-02D,color=BIG STUDENT OVEREXPOSED BLACK GALAXY|sku=JS00T75K-0N1,color=BIG STUDENT OVEREXPOSED CORAL SPARKLE WHITE|sku=JS00T75K-0EL,color=BIG STUDENT OVEREXPOSED CYBER PINK ROCKSTEADY|sku=JS00T75K-0CX,color=BIG STUDENT OVEREXPOSED MISS ZEBRA/MAMMOTH BLUE|sku=JS00T75K-0FZ,color=BIG STUDENT OVEREXPOSED MULTI MARBLE PRISM"
JS00T60G,"sku=TWK8-1Y9,color=BLACK LABEL SUPERBREAK BAYSIDE BLUE ZEBRA|sku=JS00T60G-0JH,color=BLACK LABEL SUPERBREAK BLACK GALAXY PLAID|sku=JS00T60G-0KG,color=BLACK LABEL SUPERBREAK BLACK GLITCH  PLAID|sku=JS00T60G-01F,color=BLACK LABEL SUPERBREAK BLUE CREST|sku=T60G-01F,color=BLACK LABEL SUPERBREAK BLUE CREST|sku=JS00TWK8-0DC,color=BLACK LABEL SUPERBREAk BLUE TOPAZ|sku=JS00T60G-04T,color=BLACK LABEL SUPERBREAK BURNT HENNA|sku=T60G-04T,color=BLACK LABEL SUPERBREAK BURNT HENNA|sku=JS00T60G-05W,color=BLACK LABEL SUPERBREAK BURNT HENNA ABSTRACT ANGLES|sku=JS00TWK8-0F3,color=BLACK LABEL SUPERBREAK CORSAIR BLUE|sku=T60G-01B,color=BLACK LABEL SUPERBREAK CYBER PINK|sku=JS00T60G-0B1,color=BLACK LABEL SUPERBREAK CYBER PINK TRIBAL ARTISAN|sku=T60G-02A,color=BLACK LABEL SUPERBREAK CYBER PINK TRIBAL OMBRE|sku=JS00T60G-6XD,color=BLACK LABEL SUPERBREAK FORGE GREY|sku=T60G-6XD,color=BLACK LABEL SUPERBREAK FORGE GREY|sku=JS00T60G-0HH,color=BLACK LABEL SUPERBREAK JANSPORT NAVY|sku=JS00T60G-0E4,color=BLACK LABEL SUPERBREAK MULTI FEATHER FAMCY|sku=JS00T60G-0WW,color=BLACK LABEL SUPERBREAK MULTI FISHING LURES|sku=JS00T60G-0VJ,color=BLACK LABEL SUPERBREAK MULTI PAISLEY STRIPE|sku=JS00T60G-0WF,color=BLACK LABEL SUPERBREAK MULTI TURKISH DUTCH FLORAL|sku=JS00T60G-0E1,color=BLACK LABEL SUPERBREAK MULTI WHITE MOUNTAIN MEADOW|sku=JS00TWK8-0HC,color=BLACK LABEL SUPERBREAK MUTED GREEN|sku=JS00TWK8-0HG,color=BLACK LABEL SUPERBREAK SANGRIA PINK|sku=JS00TWK8-0D6,color=BLACK LABEL SUPERBREAK SEAFOAM GREEN|sku=JS00TWK8-0DE,color=BLACK LABEL SUPERBREAK SPECTRA YELLOW|sku=JS00TWK8-0D5,color=BLACK LABEL SUPERBREAK TAHITIAN ORANGE|sku=JS00TWK8-05F,color=BLACK LABEL SUPERBREAK TURKISH OCEAN|sku=JS00T60G-05B,color=BLACK LABEL SUPERBREAK VIOLET PURPLE|sku=T60G-05B,color=BLACK LABEL SUPERBREAK VIOLET PURPLE|sku=JS00T60G-WHX,color=BLACK LABEL SUPERBREAK WHITE"
T75H,"sku=T75H-0AY,color=BLACK LABEL SUPERBREAK SPECIAL EDITION BLACK FADING SPOTS|sku=T75H-09Q,color=BLACK LABEL SUPERBREAK SPECIAL EDITION BLACK GREEN TIGER CAMO FADE|sku=T75H-09L,color=BLACK LABEL SUPERBREAK SPECIAL EDITION BLUE DIGI STRIPE FADE|sku=T75H-0B0,color=BLACK LABEL SUPERBREAK SPECIAL EDITION VIOLET PURPLE GEO FADE"
JS00T68S,"sku=JS00T68S-008,color=BROADBAND BLACK"
JS00T29A,"sku=JS00T29A-1K2,color=CITY SCOUT / MAMOTH BLUEFLUORESCTPINK|sku=JS00T29A-0DH,color=CITY SCOUT AMAZON GREEN|sku=JS00T29A-008,color=CITY SCOUT BLACK|sku=T29A-008,color=CITY SCOUT BLACK|sku=JS00T29A-0VK,color=CITY SCOUT BLACK MOVING DOTS|sku=JS00T29A-04W,color=CITY SCOUT FIELD TAN|sku=JS00T29A-1Q4,color=CITY SCOUT FLUORESCENT RED|sku=JS00T29A-5KS,color=CITY SCOUT HIGH RISK RED|sku=JS00T29A-0FZ,color=CITY SCOUT MULTI MARBLE PRISM|sku=T29A-0AN,color=CITY SCOUT MULTI WATERCOLOR SPOTS|sku=JS00T29A-0VZ,color=CITY SCOUT MULTI WHITE FLORAL HAZE|sku=JS00T29A-003,color=CITY SCOUT NAVY|sku=JS00T29A-ZR6,color=CITY SCOUT NEW BLCK FLUORESCENT PINK|sku=JS00T29A-0D6,color=CITY SCOUT SEAFOAM GREEN|sku=JS00T29A-0K4,color=CITY SCOUT SHADY GREY / WHITE DOTS|sku=JS00T29A-01H,color=CITY SCOUT SPANISH TEAL|sku=JS00T29A-9FL,color=CITY SCOUT VIKING REDsku=T29N -9ZG,color=BLACK LABEL CITY SCOUT AQUA DASH"
JS0A2SDD,"sku=JS0A2SDD-008,color=COOL STUDENT BLACK|sku=JS0A2SDD-6XD,color=COOL STUDENT FORGE GREY|sku=JS0A2SDD-0KL,color=COOL STUDENT MULTI CONCRETE FLORAL|sku=JS0A2SDD-0E9,color=COOL STUDENT MULTI SUNSET STRIPE|sku=JS0A2SDD-0D9,color=COOL STUDENT MULTI WATERCOLOR FLORAL|sku=JS0A2SDD-003,color=COOL STUDENT NAVY|sku=JS0A2SDD-9FL,color=COOL STUDENT VIKING RED"
JS00T52R,"sku=T52R-9ZI,color=CORTLANDT BERRYLICIOUS PURPLE|sku=T52R-008,color=CORTLANDT BLACK|sku=JS00T52R-008,color=CORTLANDT BLACK|sku=T52R-ZD7,color=CORTLANDT HIGH RISK RED SHADY ANGLES|sku=T52R-9RW,color=CORTLANDT MAMMOTH BLUE|sku=JS00T52R-003,color=CORTLANDT NAVY|sku=T52R-ZK8,color=CORTLANDT NAVY STREAKY CAMO|sku=T52R-1Q1,color=CORTLANDT PESTO GREEN|sku=JS00T52R-0XT,color=CORTLANDT SHADY GREY/SEAFOAM GREEN|sku=T52R-ZK1,color=CORTLANDT SHADYGREYSPRINKLED FLORAL"
T08T,"sku=T08T-9ZI,color=CROSSLAND BERRYLICIOUS PURPLE|sku=T08T-1J6,color=CROSSLAND GREY DENIM POLKA DOT|sku=T08T-1V5,color=CROSSLAND WHITE BLUE WASH VINTAGE FLORAL CANVAS"
TZP5,"sku=TZP5-7TN,color=DAILY TRANSIT WHITE / BLACKCOSMOZEBRA / PRIMALPURPLE"
JS00T50F,"sku=T50F-9ZG,color=DIGIBREAK AQUA DASH|sku=JS00T50F-008,color=DIGIBREAK BLACK|sku=T50F-008,color=DIGIBREAK BLACK|sku=JS00T50F-7TS,color=DIGIBREAK BLACK BLUE STREAK|sku=T50F-0AA,color=DIGIBREAK BLACK LUCKY DAISY|sku=JS00T50F-09L,color=DIGIBREAK BLUE DIGI STRIPE FADE|sku=T50F-5CS,color=DIGIBREAK BLUE STREAK|sku=JS00T50F-05W,color=DIGIBREAK BURNT HENNA ABSTRCT ANGLES|sku=JS00T50F-0JB,color=DIGIBREAK CORAL SPARKLE PRETTY POSEY|sku=JS00T50F-0NR,color=DIGIBREAK CORAL SPARKLE WHITE DOTS|sku=JS00T50F-01B,color=DIGIBREAK CYBER PINK|sku=JS00T50F-0ED,color=DIGIBREAK CYBER PINK SUMMER CHEVRON|sku=T50F-9RX,color=DIGIBREAK FLUORESCENT PINK|sku=T50F-ZG8,color=DIGIBREAK GREEN MACHINE TOPO CAMO|sku=JS00T50F-9ZE,color=DIGIBREAK GREY RABBIT|sku=JS00T50F-04G,color=DIGIBREAK MALT TAN BOHO STRIPE|sku=T50F-0AP,color=DIGIBREAK MAMMONT BLUE WILD AT HEART|sku=JS00T50F-0KH,color=DIGIBREAK MIDNIGHT SKY FLORAL STRIPE|sku=JS00T50F-0KW,color=DIGIBREAK MULTI 3D WAVE|sku=JS00T50F-0WH,color=DIGIBREAK MULTI GREY FLORAL HAZE|sku=JS00T50F-0DQ,color=DIGIBREAK MULTI HOT TROPIC|sku=T50F-04J,color=DIGIBREAK MULTI PHOTO FLORAL|sku=JS00T50F-0WV,color=DIGIBREAK NAVY COLOR GEO|sku=JS00T50F-0J8,color=DIGIBREAK NAVY WATERCOLOR CHEVRON|sku=T50F-06F,color=DIGIBREAK RED TAPE GRUNGE STRIPE|sku=JS00T50F-0NK,color=DIGIBREAK SEAFOAM GREEN WHITE DOTS|sku=JS00T50F-01H,color=DIGIBREAK SPANISH TEAL|sku=T50F-2C8,color=DIGIBREAK VIVID PURPLE|sku=JS00T50F-0GT,color=DIGIBREAK WHITE JAZZY GEO"
JS00T69D,"sku=T19W-9ZI,color=DIGITAL STUDENT BERRYLYCIOUS PURPLE|sku=JS00T69D-8WV,color=DIGITAL STUDENT BLACK FORGE GREY|sku=T69D-0A8,color=DIGITAL STUDENT BLACK KISS ME QUICK|sku=JS00T69D-0V8,color=DIGITAL STUDENT BLACK TEXTURE TOOTH|sku=T69D-5CS,color=DIGITAL STUDENT BLUE STREAK|sku=JS00T69D-0JB,color=DIGITAL STUDENT CORAL SPARKLE PRETTY POSEY|sku=JS00T69D-0NR,color=DIGITAL STUDENT CORAL SPARKLE WHITE DOTS|sku=T19W-9RX,color=DIGITAL STUDENT FLOURESCENT PINK|sku=JS00T69D-6XD,color=DIGITAL STUDENT FORGE GREY|sku=T69D-6XD,color=DIGITAL STUDENT FORGE GREY|sku=JS00T69D-0J9,color=DIGITAL STUDENT HIGH RISH RED CHECKERS|sku=JS00T69D-0J8,color=DIGITAL STUDENT JANSPORT NAVY WATERCOLOR CHEVRON|sku=JS00T69D-04G,color=DIGITAL STUDENT MALT TAN BOHO STRIPE|sku=T69D-0AP,color=DIGITAL STUDENT MAMMONTH BLU WILD AT HEART|sku=T19W-ZE3,color=DIGITAL STUDENT MAMMOTH BLUE SUPER SPLASH|sku=JS00T69D-0KH,color=DIGITAL STUDENT MIDNIGHT SKY FLORAL STRIPE|sku=T69D-09V,color=DIGITAL STUDENT MULTI ASTRO KITTY|sku=T69D-0A1,color=DIGITAL STUDENT MULTI GREY FLORAL FLOURISH|sku=JS00T69D-0WH,color=DIGITAL STUDENT MULTI GREY FLORAL HAZE|sku=JS00T69D-0V6,color=DIGITAL STUDENT MULTI ICE BABY|sku=T69D-0B5,color=DIGITAL STUDENT MULTI JUNK FOOD|sku=JS00T69D-0FZ,color=DIGITAL STUDENT MULTI MARBLE PRISM|sku=JS00T69D-0E2,color=DIGITAL STUDENT MULTI NAVY MOUNTAIN MEADOW|sku=JS00T69D-0MV,color=DIGITAL STUDENT MULTI RED GALAXY|sku=JS00T69D-0WV,color=DIGITAL STUDENT NAVY COLOR GEO|sku=JS00T69D-0N0,color=DIGITAL STUDENT RED TAPE LAND AHOY|sku=T69D-ZK1,color=DIGITAL STUDENT SHADY GREY SPRINKLED FLORAL|sku=JS00T69D-0P5,color=DIGITAL STUDENT SPANISH TEAL MULTI STICKERS|sku=JS00T69D-05B,color=DIGITAL STUDENT VIOLET PURPLE"
T69F,"sku=T69F-ZS3,color=DIGITAL WRAP BLACK BEIGE PLUSH CHEETAH|sku=T69F-0AR,color=DIGITAL WRAP BLACK PLUSH LIPS|sku=T69F-0CZ,color=DIGITAL WRAP MULTI BURRITO"
JS00TN89,"sku=JS00TN89-008,color=DRIVER 8 BLACK|sku=TN89-008,color=DRIVER 8 BLACK|sku=JS00TN89-0JB,color=DRIVER 8 CORAL SPARKLE PRETTY POSEY|sku=JS00TN89-0JE,color=DRIVER 8 MULTI DIAMOND ARROWS|sku=JS00TN89-0WH,color=DRIVER 8 MULTI GREY FLORAL HAZE|sku=JS00TN89-0E2,color=DRIVER 8 MULTI NAVY MOUNTAIN MEADOW|sku=JS00TN89-0MV,color=DRIVER 8 MULTI RED GALAXY|sku=JS00TN89-003,color=DRIVER 8 NAVY|sku=TN89-003,color=DRIVER 8 NAVY|sku=JS00TN89-0VQ,color=DRIVER 8 NAVY SWEET BLOSSOM|sku=JS00TN89-0N0,color=DRIVER 8 RED TAPE LAND AHOY|sku=JS00TN89-0NK,color=DRIVER 8 SEAFOAM GREEN WHITE DOTS|sku=JS00TN89-9FL,color=DRIVER 8 VIKING RED|sku=TN89-9FL,color=DRIVER 8 VIKING RED|sku=TN89-01W,color=DRIVER 8 WHEELED BLACK FLORAL GEO|sku=TN89-0A8,color=DRIVER 8 WHEELED BLACK KISS ME QUICK|sku=TN89-0AP,color=DRIVER 8 WHEELED MAMMOTH BLUE WILD AT HEART"
TZU9,"sku=TZU9-008,color=EMMA TOTE BLACK|sku=TZU9-9FA,color=EMMA TOTE PINK TULIP|sku=TZU9-9HY,color=EMMA TOTE PURPLE SKY MULTI WATERCOLOR|sku=TZU9-9MM,color=EMMA TOTE PURPLE SKY/VANILLA ICE WHITE RENO PLAID|sku=TZV8-9MK,color=EMMA TOTE SE BLACK MULTI METALLIC REPTILE"
JS00T45G,"sku=JS00T45G-008,color=ENVOY BLACK|sku=T45G-5CS,color=ENVOY BLUE STREAK|sku=JS00T45G-6XD,color=ENVOY FORGE GREY|sku=T45G-6XD,color=ENVOY FORGE GREY|sku=JS00T45G-0KJ,color=ENVOY GREY MULTI VARIEGATED STRIPE|sku=JS00T45G-0BE,color=ENVOY GREY RABBIT SYLVIA DOT|sku=T45G-0A1,color=ENVOY MULTI GREY FLORAL FLOURISH|sku=JS00T45G-0E2,color=ENVOY MULTI NAVY MOUNTAIN MEADOW|sku=JS00T45G-9FL,color=ENVOY VIKING RED"
JS00TAN1,"sku=JS00TAN1-0X1,color=FIFHT AVENUE MULTI NAVY CONNECT FOUR|sku=TAN1-9ZG,color=FIFTH AVENUE AQUA DASH|sku=JS00TAN1-008,color=FIFTH AVENUE BLACK|sku=JS00TAN1-06Q,color=FIFTH AVENUE BLACK ZIGGY|sku=JS00TAN1-01F,color=FIFTH AVENUE BLUE CREST|sku=JS00TAN1-01B,color=FIFTH AVENUE CYBER PINK|sku=JS00TAN1-0EG,color=FIFTH AVENUE CYBER PINK BLOCK FLORAL|sku=TAN1-9RX,color=FIFTH AVENUE FLUORESCENT PINK|sku=TAN1-ZE6,color=FIFTH AVENUE GREY TAR WILD AT HEART|sku=TAN1-2D5,color=FIFTH AVENUE LORAC YELLOW|sku=TAN1-09V,color=FIFTH AVENUE MULTI ASTRO KITTY|sku=JS00TAN1-0KL,color=FIFTH AVENUE MULTI CONCRETE FLORAL|sku=TAN1-09Y,color=FIFTH AVENUE MULTI DONUTS|sku=JS00TAN1-0A1,color=FIFTH AVENUE MULTI GREY FLORAL FLOURISH|sku=TAN1-0A1,color=FIFTH AVENUE MULTI GREY FLORAL FLOURISH|sku=JS00TAN1-0WH,color=FIFTH AVENUE MULTI GREY FLORAL HAZE|sku=JS00TAN1-0DQ,color=FIFTH AVENUE MULTI HOT TROPIC|sku=JS00TAN1-0WR,color=FIFTH AVENUE MULTI JUNGLE JAM|sku=JS00TAN1-0MV,color=FIFTH AVENUE MULTI RED GALAXY|sku=JS00TAN1-0UG,color=FIFTH AVENUE MULTI SPECKLED SPACE|sku=JS00TAN1-0KN,color=FIFTH AVENUE MULTI STCKERS|sku=JS00TAN1-0E9,color=FIFTH AVENUE MULTI SUNSET STRIPE|sku=JS00TAN1-0EM,color=FIFTH AVENUE MULTI TROPIC GOLD|sku=JS00TAN1-003,color=FIFTH AVENUE NAVY|sku=JS00TAN1-0N0,color=FIFTH AVENUE RED TAPE LAND AHOY"
T06V,"sku=T06V-008,color=FIRST CLASS 13'' BLACK"
T52M,"sku=T52M-ZY6,color=FOX HOLE BUCKTHORN BROWN YELLOW JACKET|sku=T52M-ZY7,color=FOX HOLE TARO TEAL MOONLIT TEAL"
JS00TDH6,"sku=JS00TDH6-9ZG,color=HALF PINT AQUA DASH|sku=JS00TDH6-0JJ,color=HALF PINT AQUA DASH JAGGED PLAID|sku=JS00TDH6-008,color=HALF PINT BLACK|sku=JS00TDH6-8WG,color=HALF PINT CORAL SPARKLE|sku=TDH6-9RX,color=HALF PINT FLUORESCENT PINK|sku=JS00TDH6-0XJ,color=HALF PINT MULTI CALI POPPY|sku=JS00TDH6-0KL,color=HALF PINT MULTI CONCRETE FLORAL|sku=TDH6-09Y,color=HALF PINT MULTI DONUTS|sku=JS00TDH6-0UE,color=HALF PINT MULTI FLOWER EXPLOSION|sku=JS00TDH6-0KN,color=HALF PINT MULTI STICKERS|sku=JS00TDH6-0D6,color=HALF PINT SEAFOAM GREEN|sku=JS00TDH6-01H,color=HALF PINT SPANISH TEAL|sku=JS00TDH6-05B,color=HALF PINT VIOLET PURPLE|sku=TDH6-2C8,color=HALF PINT VIVID PURPLE"
JS00T52S,"sku=JS00T52S-008,color=HATCHET BLACK|sku=JS00T52S-0BL,color=HATCHET BLACK CAMO FADE|sku=T52S-9RV,color=HATCHET BOZEMAN BROWN|sku=JS00T52S-0UY,color=HATCHET FORGE GREY/RED TAPE|sku=JS00T52S-6XJ,color=HATCHET GREY TAR|sku=T52S-6XJ,color=HATCHET GREY TAR|sku=T52S-04Z,color=HATCHET MIDNIGHT SKY|sku=JS00T52S-0WW,color=HATCHET MULTI FISHING LURES|sku=JS00T52S-0WF,color=HATCHET MULTI TURKISH DUTCH FLORAL"
JS00TRS7,"sku=JS00TRS7-0AW,color=HIGH STAKES  MULTI LIGHTENING STRIKE|sku=TRS7-7PA,color=HIGH STAKES /WHITE/MULTI FEATHERS|sku=JS00TRS7-0DN,color=HIGH STAKES AQUA DASH WATER LOTUS|sku=JS00TRS7-0EB,color=HIGH STAKES BLACK FIRST LOVE|sku=JS00T64U-03W,color=HIGH STAKES BLACK LASER LACE|sku=JS00TRS7-0DM,color=HIGH STAKES BLACK MISS ZEBRA FLOCK|sku=JS00TRS7-0AR,color=HIGH STAKES BLACK PLUSH LIPS|sku=JS00TRS7-212,color=HIGH STAKES CARAMEL LEOPARD|sku=JS00T75J-0JB,color=HIGH STAKES CORAL SPARKLE PRETTY POSEY|sku=JS00TRS7-0J1,color=HIGH STAKES JANSPORT NAVY SPLENDID VINE FLOCK|sku=JS00T75J-0J8,color=HIGH STAKES JANSPORT NAVY WATERCOLOR CHEVRON|sku=JS00T75J-0NE,color=HIGH STAKES MAMMOTH BLUE MULTI STICKERS|sku=JS00TRS7-0EN,color=HIGH STAKES MULTI AGATE SKIES|sku=JS00TRS7-0KA,color=HIGH STAKES MULTI COSMIC WATERS|sku=JS00TRS7-0E6,color=HIGH STAKES MULTI GRAFFITI|sku=JS00TRS7-0GM,color=HIGH STAKES MULTI GRUNGE USA|sku=JS00TRS7-ZU5,color=HIGH STAKES MULTI INTERGALACTICA|sku=TRS7-ZU5,color=HIGH STAKES MULTI INTERGALACTICA|sku=JS00TRS7-0BV,color=HIGH STAKES MULTI LAGUNA BEACH|sku=JS00TRS7-0W3,color=HIGH STAKES MULTI LINEAR SKIES|sku=JS00TRS7-0W1,color=HIGH STAKES MULTI SUN FADE OMBRE|sku=JS00TRS7-0LV,color=HIGH STAKES MULTI TROPICAL ISLAND|sku=JS00TRS7-0FU,color=HIGH STAKES MULTI TULIPS|sku=JS00TRS7-0KB,color=HIGH STAKES MULTI WATER OMBRE|sku=JS00TRS7-0J0,color=HIGH STAKES NAVY MOONSHINE STAR SPANGLE|sku=JS00T75J-0N0,color=HIGH STAKES RED TAPE LAND AHOY|sku=JS00T64U-0NY,color=HIGH STAKES SHADY GREY SEAFOAM LASER LACE|sku=JS00TRS7-0HY,color=HIGH STAKES WHITE BLACK HOUNDSTOOTH"
JS0A2SDF,"sku=JS0A2SDF-0UQ,color=HIPPYLAND BLACK/GOLD|sku=JS0A2SDF-0WJ,color=HIPPYLAND CHAMBRAY SWEET BLOSSOM|sku=JS0A2SDF-0LM,color=HIPPYLAND CORAL PEACHES METALLIC COAT|sku=JS0A2SDF-0TR,color=HIPPYLAND GOLD 3D STARS|sku=JS0A2SDF-0FD,color=HIPPYLAND MULTI GARDEN DELIGHT|sku=JS0A2SDF-0FF,color=HIPPYLAND MULTI SURF STRIPE|sku=JS0A2SDF-0U3,color=HIPPYLAND NAVY TWIGGY DOT JACQUARD|sku=JS0A2SDF-0GG,color=HIPPYLAND PEWTER METALLIC COAT|sku=JS0A2SDF-0LP,color=HIPPYLAND SILVER SPARKLE TWILL"
T29G,"sku=T29G-008,color=HOFFMAN BLACK|sku=T29G-9RU,color=HOFFMAN DESERT BEIGE|sku=T29G-2C8,color=HOFFMAN VIVID PURPLE|sku=T29G-ZB3,color=HOFFMAN VIVID PURPLE ACAPULCOS TRIPE"
JS00T13Y,"sku=JS00T13Y-008,color=HOUSTON BLACK|sku=T13Y-008,color=HOUSTON BLACK|sku=JS00T13Y-088,color=HOUSTON BLACK|sku=JS00T13Y-0U2,color=HOUSTON BLACK WHITE SUITED PLAID|sku=T13Y-9RU,color=HOUSTON DESERT BEIGE|sku=JS00T13Y-0LR,color=HOUSTON GREY PIXEL PINSTRIPE|sku=T13Y-9ZE,color=HOUSTON GREY RABBIT|sku=JS00T13Y-0FD,color=HOUSTON MULTI GARDEN DELIGHT|sku=JS00T13Y-0TV,color=HOUSTON NATURAL SPECKLED CANVAS|sku=JS00T13Y-0L1,color=HOUSTON NEUTRAL PERUVIAN MAZE|sku=JS00T13Y-0J5,color=HOUSTON RED TAPE iPLAID|sku=JS00T13Y-0ZJ,color=HOUSTON SILVER TWIGGY DOT JACQUARD|sku=JS00T13Y-0KE,color=HOUSTON TURKISH OCEAN HASHTAG DOODAD"
JS0A2T3F,"sku=JS0A2T3F-008,color=IMPULSE BLACK|sku=JS0A2T3F-0WH,color=IMPULSE MULTI GREY FLORAL HAZE|sku=JS0A2T3F-0WV,color=IMPULSE NAVY COLOR GEO|sku=JS0A2T3F-9RS,color=IMPULSE SHADY GREY"
JS0A2SDJ,"sku=JS0A2SDJ-0WJ,color=INDIO CHAMBRAY SWEET BLOSSOM|sku=JS0A2SDJ-0FX,color=INDIO FROST TEAL"
T45D,"sku=T45D-008,color=INSIDER BLACK|sku=T45D-01V,color=INSIDER FLUORESCENT PINK DOTS|sku=T45D-ZG8,color=INSIDER GREEN MACHINE TOPO CAMO"
JS00T49C,"sku=JS00T49C-0UE,color=LARGE ACCESORY POUCH MULTI FLOWER EXPLOSION|sku=JS00T49C-008,color=LARGE ACCESORY POUCH BLACK|sku=JS00T49C-01B,color=LARGE ACCESORY POUCH CYBER PINK|sku=JS00T49C-0KN,color=LARGE ACCESORY POUCH MULTI STICKERS|sku=JS00T49C-0VQ,color=LARGE ACCESORY POUCH NAVY SWEET BLOSSOMsku=T49B-008,color=MEDIUM ACCESORY POUCH BLACK|sku=T49B-9RX,color=MEDIUM ACCESORY POUCH FLUORECENT PINK|sku=T49B-1U1,color=MEDIUM ACCESORY POUCH MAMMONTH BLUE ZOOT SUIT|sku=T49B-9RW,color=MEDIUM ACCESORY POUCH MAMMOTH BLUE|sku=JS00T49B-0J8,color=MEDIUM ACCESORY POUCH JANSPORT NAVY WATERCOLOR CHEVRON|sku=JS00T49B-01H,color=MEDIUM ACCESORY POUCH SPANISH TEAL|sku=JS00T49B-0E2,color=MEDIUM ACCESORY POUCH MULTI NAVY MOUNTAIN MEADOW|sku=T49B-1W6,color=MEDIUM ACCESORY POUCH PINK PANSY CONFETTI DOTSsku=JS00T54R-008,color=NETWORK BLACK|sku=T54R-008,color=NETWORK BLACK|sku=JS00T54R-0N2,color=NETWORK GREY VANISHING RIP|sku=JS00T54R-0KL,color=NETWORK MULTI CONCRETE FLORAL|sku=T54R-0A1,color=NETWORK MULTI GREY FLORAL FLOURISH|"
JS00T49B,"sku=T49B-008,color=MEDIUM ACCESORY POUCH BLACK|sku=T49B-9RX,color=MEDIUM ACCESORY POUCH FLUORECENT PINK|sku=T49B-1U1,color=MEDIUM ACCESORY POUCH MAMMONTH BLUE ZOOT SUIT|sku=T49B-9RW,color=MEDIUM ACCESORY POUCH MAMMOTH BLUE|sku=JS00T49B-0J8,color=MEDIUM ACCESORY POUCH JANSPORT NAVY WATERCOLOR CHEVRON|sku=JS00T49B-01H,color=MEDIUM ACCESORY POUCH SPANISH TEAL|sku=JS00T49B-0E2,color=MEDIUM ACCESORY POUCH MULTI NAVY MOUNTAIN MEADOW|sku=T49B-1W6,color=MEDIUM ACCESORY POUCH PINK PANSY CONFETTI DOTS"
JS00T54R,"sku=JS00T54R-008,color=NETWORK BLACK|sku=T54R-008,color=NETWORK BLACK|sku=JS00T54R-0N2,color=NETWORK GREY VANISHING RIP|sku=JS00T54R-0KL,color=NETWORK MULTI CONCRETE FLORAL|sku=T54R-0A1,color=NETWORK MULTI GREY FLORAL FLOURISH|sku=JS00T54R-0WH,color=NETWORK MULTI GREY FLORAL HAZE|sku=JS00T54R-9RS,color=NETWORK SHADY GREY|sku=T54R-9RS,color=NETWORK SHADY GREY|sku=JS00T54R-01H,color=NETWORK SPANISH TEAL|sku=T54R-2C8,color=NETWORK VIVID PURPLE"
JS0A2T39,"sku=JS0A2T39-008,color=NODE BLACK|sku=JS0A2T39-0J9,color=NODE HIGH RISK RED CHECKERS|sku=JS0A2T39-0P0,color=NODE NAVY MOOSHINE LIME PUNCH|sku=JS0A2T39-9RS,color=NODE SHADY GREY"
JS00T08W,"sku=JS00T08W-0MS,color=OVEREXPOSED ALGIERS BLUE HIGH RISK RED|sku=JS00T08W-0NT,color=OVEREXPOSED AQUA DASH VIOLETH PURPLE|sku=JS00T08W-1J0,color=OVEREXPOSED BLACK FLUORESCENT PINK|sku=JS00T08W-0MT,color=OVEREXPOSED BLACK WHITE|sku=JS00T08W-0EL,color=OVEREXPOSED CYBER PINK ROCKSTEADY|sku=JS00T08W-0CS,color=OVEREXPOSED FLUORESCENT PINK VIOLET PURPLE|sku=JS00T08W-0CU,color=OVEREXPOSED MAMMOTH BLUE FLUORESCENT RED|sku=JS00T08W-0GJ,color=OVEREXPOSED MAMMOTH BLUE/NAVY MOONSHINE|sku=JS00T08W-0XJ,color=OVEREXPOSED MULTI CALI POPPY|sku=JS00T08W-0FZ,color=OVEREXPOSED MULTI MARBLE PRISM|sku=JS00T08W-0MV,color=OVEREXPOSED MULTI RED GALAXY|sku=JS00T08W-0UG,color=OVEREXPOSED MULTI SPECKLED SPACE|sku=JS00T08W-0D9,color=OVEREXPOSED MULTI WATERCOLOR FLORAL|sku=JS00T08W-0MU,color=OVEREXPOSED PINK PANSY MAMMOTH BLUE|sku=JS00T08W-0CT,color=OVEREXPOSED SHADY GREY FLUORESCENT ORANGE"
JS00T68X,"sku=JS00T68X-0ED,color=PIXEL ACCESORY POUCH CYBER PINK SUMMER CHEVRON|sku=JS00T68X-0DQ,color=PIXEL ACCESORY POUCH MULTI HOT TROPIC|sku=JS00T68X-0DU,color=PIXEL ACCESORY POUCH MULTI PAINTED DITZY"
JS00T55B,"sku=JS00T55B-008,color=PLATFORM BLACK|sku=T55B-008,color=PLATFORM BLACK|sku=JS00T55B-0TC,color=PLATFORM DESERT BEIGE STATIC|sku=JS00T55B-9ZE,color=PLATFORM GREY RABBIT|sku=JS00T55B-0N2,color=PLATFORM GREY VANISHING RIP|sku=JS00T55B-003,color=PLATFORM NAVY"
T38U,"sku=T38U-1Z2,color=REGIONAL COLLECTION  LONE START|sku=T38U-1Z3,color=REGIONAL COLLECTION BRAZIL"
JS00T70F,"sku=JS00T70F-008,color=REILLY BLACK|sku=JS00T70F-0F3,color=REILLY CORSAIR BLUE|sku=JS00T70F-0FX,color=REILLY FROST TEAL|sku=JS00T70F-9ZE,color=REILLY GREY RABBIT|sku=JS00T70F-05D,color=REILLY LIPSTICK KISS|sku=JS00T70F-9ZH,color=REILLY NAVY MOONSHINE|sku=JS00T70F-0H4,color=REILLY PURPLE FROST|sku=JS00T70F-9FL,color=REILLY VIKING RED"
JS00TYP7,"sku=TYP7-9ZG,color=RIGHT PACK AQUA DASH|sku=JS00TYP7-2D6,color=RIGHT PACK BARBER GREEN|sku=TYP7-1P7,color=RIGHT PACK BAYSIDE BLUE|sku=TYP7-9ZI,color=RIGHT PACK BERRYLICIOUS PURPLE|sku=JS00TYP7-008,color=RIGHT PACK BLACK|sku=TYP7-008,color=RIGHT PACK BLACK|sku=JS00TYP7-01F,color=RIGHT PACK BLUE CREST|sku=TYP7-01F,color=RIGHT PACK BLUE CREST|sku=JS00TYP7-04T,color=RIGHT PACK BURNT HENNA|sku=JS00TYP7-05C,color=RIGHT PACK CERISE|sku=JS00TYP7-0F3,color=RIGHT PACK CORSAIR BLUE|sku=JS00T58T-0U2,color=RIGHT PACK DE BLACK/WHITE SUITED PLAID|sku=JS00T58T-0SR,color=RIGHT PACK DE JANSPORT NAVY HALF TONE FADE|sku=TYP7-9RU,color=RIGHT PACK DESERT BEIGE|sku=JS00TYP7-0FX,color=RIGHT PACK FROST TEAL|sku=TYP7-5CN,color=RIGHT PACK GREEN MACHINE|sku=TYP7-9ZE,color=RIGHT PACK GREY RABBIT|sku=JS00TYP7-5KS,color=RIGHT PACK HIGH RISK RED|sku=TYP7-01G,color=RIGHT PACK LIME PUNCH|sku=JS00TYP7-05D,color=RIGHT PACK LIPSTICK KISS|sku=JS00TYP7-003,color=RIGHT PACK NAVY|sku=TYP7-003,color=RIGHT PACK NAVY|sku=TYP7-01E,color=RIGHT PACK ORANGE GOLD|sku=JS00TYP7-0H4,color=RIGHT PACK PURPLE FROST|sku=JS00TYP7-04S,color=RIGHT PACK RUSSET RED|sku=JS00TYP7-0HG,color=RIGHT PACK SANGRIA PINK|sku=JS00TYP7-0D6,color=RIGHT PACK SEAFOAM GREEN|sku=TYP7-01H,color=RIGHT PACK SPANISH TEAL|sku=JS0A2SDB-0P4,color=RIGHT PACK STREET MULTIARLIN|sku=JS00TYP7-0D5,color=RIGHT PACK TAHITIAN ORANGE|sku=TYP7-9FL,color=RIGHT PACK VIKING RED|sku=TYP7-2C8,color=RIGHT PACK VIVID PURPLE|sku=TYP7-7MM,color=RIGHT PACK YELLOW CARD|sku=JS00TYP7-0RB,color=RIGHT PACK YELLOW IRIS"
JS00TZR6,"sku=JS00TZR6-0FM,color=RIGHT PACK EXPRESSIONS BLUE CHAMBRAY WILD ROSE|sku=TZR6-1W3,color=RIGHT PACK EXPRESSIONS BLUE STREAK CLOUD BREAK|sku=JS00TZR6-0WJ,color=RIGHT PACK EXPRESSIONS CHAMBRAY SWEET BLOSSOM|sku=TZR6-1Y0,color=RIGHT PACK EXPRESSIONS FORGE GREY WILD ROSE|sku=JS00TZR6-0B4,color=RIGHT PACK EXPRESSIONS MOONLIT TEAL CANVAS ABSTRACT ANGLES|sku=JS00TZR6-0GP,color=RIGHT PACK EXPRESSIONS MULTI  BLACK WHITE GRAPHIC FLORAL|sku=JS00TZR6-0VH,color=RIGHT PACK EXPRESSIONS MULTI CHERRY BLOSSOM|sku=JS00TZR6-0VE,color=RIGHT PACK EXPRESSIONS MULTI FLORAL FINESSE|sku=JS00TZR6-0FD,color=RIGHT PACK EXPRESSIONS MULTI GARDEN DELIGHT|sku=JS00TZR6-0J2,color=RIGHT PACK EXPRESSIONS MULTI RAINBOW GARDEN FLOCK|sku=JS00TZR6-03E,color=RIGHT PACK EXPRESSIONS MULTI WEAVE STRIPE|sku=TZR6-03E,color=RIGHT PACK EXPRESSIONS MULTI WEAVE STRIPE|sku=JS00TZR6-0TV,color=RIGHT PACK EXPRESSIONS NATURAL SPECKLED CANVAS|sku=JS00TZR6-0U3,color=RIGHT PACK EXPRESSIONS NAVY TWIGGY DOT JACQUARD|sku=TZR6-1Y1,color=RIGHT PACK EXPRESSIONS QUEEN MALTESE|sku=JS00TZR6-0ER,color=RIGHT PACK EXPRESSIONS ROSE BLUSH HENNA ROSE|sku=JS00TZR6-0JN,color=RIGHT PACK EXPRESSIONS RUSSET RED MOROCCAN IKAT|sku=JS00TZR6-0U7,color=RIGHT PACK EXPRESSIONS SPANISH TEAL ETHNIC STRIPE|sku=JS00TZR6-0TT,color=RIGHT PACK EXPRESSIONS SUN KISSED POLY CANVAS|sku=TZR6-ZS8,color=RIGHT PACK EXPRESSIONS WHITE BLUE WASH VINTAGE FLORAL / BROWN SUEDE"
T49Z,"sku=T49Z-ZB5,color=RIGHT PACK WORLD BLACK WHITE RIO WALK|sku=T49Z-ZL1,color=RIGHT PACK WORLD DOWNTOWN BROWN MUDDY MALI|sku=T49Z-ZB6,color=RIGHT PACK WORLD NAVY TOKYO NIGHTS|sku=T49Z-ZB4,color=RIGHT PACK WORLD RED TAPE SHANGHAI SUNSET|sku=T49Z-ZB3,color=RIGHT PACK WORLD VIVID PURPLE ACAPULCO OMBRE STRIPE"
JS0A2T3C,"sku=JS0A2T3C-008,color=RIGHT POUCH BLACK|sku=JS0A2T3C-0U2,color=RIGHT POUCH BLACK/WHITE SUITED PLAID|sku=JS0A2T3C-0VE,color=RIGHT POUCH MULTI FLORAL FINESSE|sku=JS0A2T3C-0U3,color=RIGHT POUCH NAVY TWIGGY DOT JACQUARD|sku=JS0A2T3C-0D6,color=RIGHT POUCH SEAFOAM GREEN"
JS00T34J,"sku=JS00T34J-1X3,color=SINDER 15 BLACK GREY TAR|sku=JS00T34J-0BD,color=SINDER 15 BLACK JUNGLE MAZE|sku=T34J-5CS,color=SINDER 15 BLUE STREAK|sku=T34J-6XJ,color=SINDER 15 GREY TAR|sku=T34J-9FC,color=SINDER 15 PURPLE NIGHT"
T35V,"sku=T35V-5CS,color=SINDER 20 BLUE STREAK|sku=T35V-6XJ,color=SINDER 20 GREY TAR|sku=T35V-9FC,color=SINDER 20 PURPLE NIGHT"
T26U,"sku=T26U-1G2,color=SLIP CASE FOR IPHONE / BERRY LICIOUS VNT FRL CNVS|sku=T26U-1F3,color=SLIP CASE FOR IPHONE / BLACK MULTI SHORT CIRCUIT|sku=T26U-9XV,color=SLIP CASE FOR IPHONE / BLACK WHITE FLORECENT PINK MS ZEBRA|sku=T26U-1E5,color=SLIP CASE FOR IPHONE / PINK PANSY PRESTON PLAID"
T30S,"sku=T30S-1F3,color=SLIPCASE FOR IPHONE 5 BLACK MULTI SHORT CURCUIT|sku=T30S-9XV,color=SLIPCASE FOR IPHONE 5 BLACK WHITE PINK PANSY MISS ZEBRA|sku=T30S-1E5,color=SLIPCASE FOR IPHONE 5 PINK PANSY PRESTON PLAID|sku=T30S-1G2,color=SLIPCASE FOR IPHONE 5 WHITE VINTAGE FLORAL CANVAS"
TZA2,"sku=TZA2-9RW,color=SLIVER MAMMONTH BLUE|sku=TZA2-1H8,color=SLIVER MULTI GLOW BOX"
T27B,"sku=T27B-1G2,color=SNAPS STAND / BERRYLICIOUS VNT FRL CNVS|sku=T27B-1F3,color=SNAPS STAND / BLACK MULTI SHORT CIRCUIT|sku=T27B-9XV,color=SNAPS STAND / BLACK WHITE FLORECENT PINK MS ZEBRA|sku=T27B-ZM4,color=SNAPS STAND / FOR IPAD CORAL PEACHES WIL D HEART|sku=T27B-9RW,color=SNAPS STAND / MAMMOTH BLUE|sku=T27B-1E5,color=SNAPS STAND / PINK PANSY PRESTON PLAID"
JS00T55A,"sku=JS00T55A-008,color=SOURCE BLACK|sku=JS00T55A-0N2,color=SOURCE GREY VANISHING RIP"
JS00TDH7,"sku=JS00TDH7-008,color=SPRING BREAK BLACK|sku=JS00TDH7-01F,color=SPRING BREAK BLUE CREST|sku=JS00TDH7-8WG,color=SPRING BREAK CORAL SPARKLE|sku=JS00TDH7-01B,color=SPRING BREAK CYBER PINK|sku=JS00TDH7-6XD,color=SPRING BREAK FORGE GREY|sku=TDH7-0AA,color=SPRING BREAK BLACK LUCKY DAISY|sku=JS00TDH7-9RW,color=SPRING BREAK MAMMOTH BLUE|sku=JS00TDH7-0XJ,color=SPRING BREAK MULTI CALI POPPY|sku=JS00TDH7-0KL,color=SPRING BREAK MULTI CONCRETE FLORAL|sku=JS00TDH7-0VT,color=SPRING BREAK MULTI GARDEN SPACE|sku=JS00TDH7-0X1,color=SPRING BREAK MULTI NAVY CONNECT FOUR|sku=JS00TDH7-0JP,color=SPRING BREAK MULTI ORNATE BL|sku=JS00TDH7-0UG,color=SPRING BREAK MULTI SPECKLED SPACE|sku=JS00TDH7-0KN,color=SPRING BREAK MULTI STICKERS|sku=JS00TDH7-0EM,color=SPRING BREAK MULTI TROPIC GOLD|sku=TDH7-003,color=SPRING BREAK NAVY|sku=JS00TDH7-003,color=SPRING BREAK NAVY|sku=JS00TDH7-0K4,color=SPRING BREAK SHADY GREY WHITE"
JS00T64Q,"sku=JS00T64Q-0F8,color=SUPER FX BLACK SPLATTER DENIM|sku=JS00T64Q-0FP,color=SUPER FX BLACK WHITE LETTERMAN|sku=JS0A2SDR-0UQ,color=SUPER FX BLACK/GOLD|sku=T64Q-02S,color=SUPER FX BURRITO (PREPACK) NAVY MOONNSHINE ANCHORS AWAY|sku=JS00TVP8-0LM,color=SUPER FX CORAL PEACHES METALLIC COAT|sku=TVP8-03G,color=SUPER FX DARK BLUE DENIM LASER STAR|sku=JS0A2SDR-0TR,color=SUPER FX GOLD 3D STARS|sku=JS00T64Q-0LF,color=SUPER FX JANSPORT NAVY HERRINGBONE STRIPE|sku=JS00TVP8-0LN,color=SUPER FX MULTI PALM DENIM|sku=JS00TVP8-0YT,color=SUPER FX MULTI PATCHWORK POSEY|sku=JS00T64Q-0LQ,color=SUPER FX MULTI SUNRISE|sku=JS00T64Q-0FF,color=SUPER FX MULTI SURF STRIPE|sku=TVP8-04P,color=SUPER FX NAVY UNION JACK|sku=JS00TVP8-0GG,color=SUPER FX PEWTER METALLIC COAT|sku=JS00TVP8-0GH,color=SUPER FX RED METALLIC COAT|sku=JS0A2SDR-0VY,color=SUPER FX SILVER PSY CHEDELIC|sku=JS00TVP8-0LP,color=SUPER FX SILVER SPARKLE TWILL|sku=JS00TVP8-0KZ,color=SUPER FX WHITE DENIM EMBLEM"
JS00T501,"sku=JS00T501-0DH,color=SUPERBREAK  AMAZON GREEN|sku=JS00T501-0DQ,color=SUPERBREAK  MULTI HOT TROPIC|sku=T501-9ZG,color=SUPERBREAK AQUA DASH|sku=JS00T501-9ZG,color=SUPERBREAK AQUA DASH|sku=JS00T501-0JJ,color=SUPERBREAK AQUA DASH JAGGED PLAID|sku=JS00T501-0WT,color=SUPERBREAK AQUA DASH SCRIBBLED INK|sku=T501-ZN6,color=SUPERBREAK AQUA DASH SPOTS|sku=JS00T501-0JT,color=SUPERBREAK AQUA DASH STATIC|sku=T501-1Y9,color=SUPERBREAK BAYSIDEBLINTERRUPTED ZEBRA|sku=JS00T501-008,color=SUPERBREAK BLACK|sku=JS00T501-0KM,color=SUPERBREAK BLACK ARCADE PLAID|sku=JS00T501-09Z,color=SUPERBREAK BLACK ELE FANCY|sku=JS00T501-0AA,color=SUPERBREAK BLACK LUCKY DAISY|sku=T501-0AA,color=SUPERBREAK BLACK LUCKY DAISY|sku=JS00T501-0JR,color=SUPERBREAK BLACK PAINTBALL|sku=T501-06N,color=SUPERBREAK BLACK SUPERHERO|sku=JS00T501-0LC,color=SUPERBREAK BLACK TONAL USA|sku=JS00T501-06Q,color=SUPERBREAK BLACK ZIGGY|sku=JS00T501-0EK,color=SUPERBREAK Black/White Bebop|sku=JS00T501-01F,color=SUPERBREAK BLUE CREST|sku=T501-5CS,color=SUPERBREAK BLUE STREAK|sku=JS00T501-5CS,color=SUPERBREAK BLUE STREAK|sku=JS00T501-0DR,color=SUPERBREAK BLUE TOPAZ OH BANANAS|sku=T501-9SA,color=SUPERBREAK CORAL PEACHES|sku=JS00T501-01B,color=SUPERBREAK CYBER PINK|sku=JS00T501-0EG,color=SUPERBREAK CYBER PINK BLOCK FLORAL|sku=JS00T501-0ED,color=SUPERBREAK CYBER PINK SUMMER CHEVRON|sku=JS00T501-ZU3,color=SUPERBREAK DESERT BEIGE CONFL|sku=JS00T501-0EF,color=SUPERBREAK DOWN TOWN BROWN CAMO STRIPE|sku=JS00T501-04W,color=SUPERBREAK FIELD TAN|sku=JS00T501-1Q4,color=SUPERBREAK FLUORECENT RED|sku=JS00T501-9RX,color=SUPERBREAK FLUORESCENT PINK|sku=T501-6XD,color=SUPERBREAK FORGE GREY|sku=JS00T501-0WS,color=SUPERBREAK GOOSE GREY URBAN OASIS|sku=JS00T501-0BE,color=SUPERBREAK GREY RABBIT SYLVIA DOT|sku=T501-0A5,color=SUPERBREAK HIGH RISK RED HEART TO RESIST|sku=JS00T501-0K6,color=SUPERBREAK JANSPORT NAVY NIGHT SKY|sku=T501-9RW,color=SUPERBREAK MAMMOTH BLUE|sku=JS00T501-0KH,color=SUPERBREAK MIDNIGHT SKY FLORAL STRIPE|sku=T501-0BF,color=SUPERBREAK MULTI  PURPLE DRIP DYE|sku=JS00T501-ZQ1,color=SUPERBREAK MULTI BLUE DRIP DYE|sku=JS00T501-0GB,color=SUPERBREAK MULTI BLUE ICE|sku=JS00T501-0KQ,color=SUPERBREAK MULTI BUTCHER BLOCK|sku=JS00T501-0K8,color=SUPERBREAK MULTI CALIFORNIA POPPY|sku=JS00T501-0DY,color=SUPERBREAK MULTI COMIC STRIP|sku=JS00T501-0KL,color=SUPERBREAK MULTI CONCRETE FLORAL|sku=JS00T501-0WA,color=SUPERBREAK MULTI DESERT MIRAGE|sku=JS00T501-0JE,color=SUPERBREAK MULTI DIAMOND ARROWS|sku=JS00T501-0JF,color=SUPERBREAK MULTI DOTTY STRIPE|sku=JS00T501-0W0,color=SUPERBREAK MULTI FAST LINES|sku=T501-0A0,color=SUPERBREAK MULTI FIREWORKS|sku=JS00T501-0UE,color=SUPERBREAK MULTI FLOWER EXPLOSION|sku=JS00T501-0KP,color=SUPERBREAK MULTI FREQUENCY|sku=JS00T501-0VT,color=SUPERBREAK MULTI GARDEN SPACE|sku=JS00T501-0A1,color=SUPERBREAK MULTI GREY FLORAL FLOURISH|sku=JS00T501-0WR,color=SUPERBREAK MULTI JUNGLE JAM|sku=JS00T501-0B5,color=SUPERBREAK MULTI JUNK FOOD|sku=JS00T501-0JL,color=SUPERBREAK MULTI LAVA LAMP|sku=JS00T501-0JM,color=SUPERBREAK MULTI LOST MARBLES|sku=JS00T501-0X1,color=SUPERBREAK MULTI NAVY CONNECT FOUR|sku=JS00T501-0E2,color=SUPERBREAK MULTI NAVY MOUNTAIN MEADOW|sku=T501-ZJ5,color=SUPERBREAK MULTI ORIENTAL BLOOM|sku=JS00T501-0JP,color=SUPERBREAK MULTI ORNATE BLUES|sku=JS00T501-0AC,color=SUPERBREAK MULTI OXO|sku=JS00T501-0DU,color=SUPERBREAK MULTI PAINTED DITZY|sku=JS00T501-0AF,color=SUPERBREAK MULTI PAINTED STONES|sku=T501-0AG,color=SUPERBREAK MULTI PEACOCK|sku=JS00T501-0EJ,color=SUPERBREAK MULTI POOL PARTY|sku=T501-0AD,color=SUPERBREAK MULTI PURPLE OMBRE DAISY|sku=JS00T501-0JS,color=SUPERBREAK MULTI SAUCY CHEVRON|sku=JS00T501-0WZ,color=SUPERBREAK MULTI SOUTH SWELL|sku=JS00T501-0KN,color=SUPERBREAK MULTI STICKERS|sku=JS00T501-0VW,color=SUPERBREAK MULTI SUMMER FESTIVAL|sku=JS00T501-0E9,color=SUPERBREAK MULTI SUNSET STRIPE|sku=JS00T501-0JU,color=SUPERBREAK MULTI SUPER SWIRLS|sku=JS00T501-0JV,color=SUPERBREAK MULTI SWEATER KNIT|sku=JS00T501-0JW,color=SUPERBREAK MULTI TEXTURE STRIPE|sku=JS00T501-0JX,color=SUPERBREAK MULTI TIE DYE SWIRLS|sku=JS00T501-0EM,color=SUPERBREAK MULTI TROPIC GOLD|sku=JS00T501-0JY,color=SUPERBREAK MULTI WATERCOLOR ANGLES|sku=JS00T501-0AN,color=SUPERBREAK Multi Watercolor Spots|sku=JS00T501-0L2,color=SUPERBREAK MULTI WET SLOTH|sku=JS00T501-0VZ,color=SUPERBREAK MULTI WHITE FLORAL HAZE|sku=JS00T501-0KJ,color=SUPERBREAK MULTIVARIEGATED STRIPE|sku=JS00T501-003,color=SUPERBREAK NAVY|sku=T501-003,color=SUPERBREAK NAVY|sku=JS00T501-0DS,color=SUPERBREAK NAVY MOONSHINEISLANDOMBRE|sku=JS00T501-0VQ,color=SUPERBREAK NAVY SWEET BLOSSOM|sku=JS00T501-0DG,color=SUPERBREAK PURPLE PLUM|sku=T501-09P,color=SUPERBREAK RED NEW CALIFORNIA REPUBLIC|sku=JS00T501-5XP,color=SUPERBREAK RED TAPE|sku=JS00T501-0N0,color=SUPERBREAK RED TAPE LAND AHOY|sku=JS00T501-0D6,color=SUPERBREAK SEAFOAM GREEN|sku=JS00T501-0K4,color=SUPERBREAK SHADY GREY / WHITE DOTS|sku=JS00T501-0VN,color=SUPERBREAK SHADY GREY SHADOW ANGLES|sku=JS00T501-0K7,color=SUPERBREAK SHADY GREY STITCH PLAID|sku=JS00T501-01H,color=SUPERBREAK SPANISH TEAL|sku=T501-9FG,color=SUPERBREAK SWEDISH BLUE|sku=JS00T501-0D5,color=SUPERBREAK TAHITIAN ORANGE|sku=JS00T501-0P7,color=SUPERBREAK TAHITIAN ORANGE WHITE DOTS|sku=JS00T501-9FL,color=SUPERBREAK VIKING RED|sku=JS00T501-05B,color=SUPERBREAK VIOLET PURPLE|sku=T501-2C8,color=SUPERBREAK VIVID PURPLE|sku=T501-WHX,color=SUPERBREAK WHITE|sku=T501-1S4,color=SUPERBREAK WHITE BLACK GRACIE DOT|sku=JS00T501-7MM,color=SUPERBREAK YELLOW CARD|sku=JS00T501-06B,color=SUPERBREAK ZAP GREEN DOUBLE VISION"
JS00T54S,"sku=JS00T54S-008,color=TASKER BLACK|sku=T54S-008,color=TASKER BLACK"
T26Q,"sku=T26Q-5SM,color=THUNDERCLAP BUCKTHORN BROWN|sku=T26Q-6XJ,color=THUNDERCLAP GREY TAR|sku=T26Q-9FL,color=THUNDERCLAP VIKING RED"
T08U,"sku=T08U-9ZI,color=WAISTLAND BERRYLICIOUS PURPLE|sku=T08U-1J6,color=WAISTLAND GREY DENIM POLKA DOT"
JS00THE9,"sku=JS00THE9-0JJ,color=WHEELED SUPERBREAK AQUA DASH JAGGED PLAID|sku=THE9-008,color=WHEELED SUPERBREAK BLACK|sku=JS00THE9-008,color=WHEELED SUPERBREAK BLACK|sku=THE9-9QC,color=WHEELED SUPERBREAK BLUE STREAK TONE DEAF|sku=THE9-ZD9,color=WHEELED SUPERBREAK CORAL DUSK SIDEWAYS PLAID|sku=THE9-ZT8,color=WHEELED SUPERBREAK CORAL DUSK SPOTS|sku=JS00THE9-01B,color=WHEELED SUPERBREAK CYBER PINK|sku=JS00THE9-0ED,color=WHEELED SUPERBREAK CYBER PINK SUMMER CHEVRON|sku=THE9-ZY9,color=WHEELED SUPERBREAK FLUORESCENT PINK  ORANGE TEAM|sku=THE9-0A5,color=WHEELED SUPERBREAK HIGH RISH RED HEART TO RESIST|sku=JS00THE9-0KL,color=WHEELED SUPERBREAK MULTI CONCRETE FLORAL|sku=JS00THE9-0UE,color=WHEELED SUPERBREAK MULTI FLOWER EXPLOSION|sku=THE9-ZF6,color=WHEELED SUPERBREAK MULTI NEON GALAXY|sku=JS00THE9-0DU,color=WHEELED SUPERBREAK MULTI PAINTED DITZY|sku=JS00THE9-0UG,color=WHEELED SUPERBREAK MULTI SPECKLED SPACE|sku=JS00THE9-0JW,color=WHEELED SUPERBREAK MULTI TEXTURE STRIPE|sku=THE9-0AN,color=WHEELED SUPERBREAK MULTI WATERCOLOR SPOTS|sku=THE9-003,color=WHEELED SUPERBREAK NAVY|sku=THE9-9QX,color=WHEELED SUPERBREAK PINK PREP HIPPY SKIP|sku=THE9-9HY,color=WHEELED SUPERBREAK PURPLE SKY MULTI WATERCOLOR"
JS0A2T3A,"sku=JS0A2T3A-0JB,color=WOMEN S NODE CORAL SPARKLE PRETTY POSEY|sku=JS0A2T3A-0J8,color=WOMEN S NODE JANSPORT NAVY WATERCOLOR CHEVRON|sku=JS0A2T3A-0D6,color=WOMEN S NODE SEAFOAM GREENsku=T26Z,color=1.0 FOLIO FOR IPADsku=T17E,color=1.0 TABLET SLEEVEsku=T17D,color=13'' 1.0 LAPTOP SLEEVEsku=T12H,color=13'' 2.0 LAPTOP SLEEVEsku=T17C,color=15'' 1.0 LAPTOP SLEEVEsku=T12G,color=15'' 2.0 LAPTOP SLEEVEsku=T27A,color=2.0 FOLIO FOR IPADsku=T12J,color=2.0 TABLET SLEEVEsku=JS00T69J,color=ABBIEsku=JS00T14F,color=AGAVEsku=T26L,color=ALL PURPOSE BACKPACKsku=JS00T71A,color=AUSTIN BACKPACKsku=T49A,color=BASSIC ACCESORYsku=JS0A2T3B,color=BEACON BACKPACKsku=T50A,color=BEATNIK"
