sku,url_key,errors
24-WG086,sprite-yoga-strap-8-foot,
24-WG087,sprite-yoga-strap-10-foot,
24-WG085_Group,set-of-sprite-yoga-straps,
"Test Payment ",test-payment,
JS0A2T3A-BLACK,js0a2t3a-black,
"JS0A2T3A-GREY TAR",js0a2t3a-grey-tar,
"JS0A2T3A-HIGH RISH RED",js0a2t3a-high-rish-red,
"JS0A2T3A-PINK PANSY",js0a2t3a-pink-pansy,
24-WG085-BLACK,wg085-black,
"24-WG085-MAMMOTH BLUE",wg085-mammoth-blue,
"24-WG085-HIGH RISH RED",wg085-high-rish-red,
"24-WG085-PINK PANSY",wg085-pink-pansy,
"24-WG085-PINK PANSY PRESTON PLAID",24-wg085-pink-pansy-preston-plaid,
"24-WG085-BLACK MULTI SHORT CIRCUIT",24-wg085-black-multi-short-circuit,
JS0A2T3A-BLACK-1,js0a2t3a-black,"Specified URL key already exists"
"JS0A2T3A-MAMMOTH BLUE",js0a2t3a-mammoth-blue,
"JS0A2T3A-BLACK MULTI SHORT CIRCUIT",js0a2t3a-black-multi-short-circuit,
"JS0A2T3A-PINK PANSY-1",js0a2t3a-pink-pansy,"Specified URL key already exists"
"JS0A2T3A-PINK PANSY PRESTON PLAID",js0a2t3a-pink-pansy-preston-plaid,
"JS0A2T3A-BERRYLICIOUS DITZI DAYSI",js0a2t3a-berrylicious-ditzi-daysi,
"JS0A2T3A-BLACK WHITE FLOURESCENT PINK MISS ZEBRA",js0a2t3a-black-white-flourescent-pink-miss-zebra,
JS0A2T3A-BLACK-2,js0a2t3a-black,"Specified URL key already exists"
"JS0A2T3A-MAMMOTH BLUE-1",js0a2t3a-mammoth-blue,"Specified URL key already exists"
T26Z-1F8,folio-for-ipad-berrylicious-ditzi-daysi,
T26Z-008,folio-for-ipad-black,
T26Z-1F3,folio-for-ipad-black-multi-short-circuit,
T26Z-9XV,folio-for-ipad-black-white-fluorescent-pink-miss-zebra,
T26Z-9RW,folio-for-ipad-mammoth-blue,
T26Z-1E5,folio-for-ipad-pink-pansy-preston-plaid,
T17E-1G2,sleeve-for-ipad-berrylicious-vintage-floral-canvas,
T17E-008,sleeve-for-ipad-black,
T17E-1F3,sleeve-for-ipad-black-multi-short-circuit,
T17E-9XV,sleeve-for-ipad-black-white-fluorescent-pink-miss-zebra,
T17E-5KS,sleeve-for-ipad-high-rish-red,
T17E-9RW,sleeve-for-ipad-mammoth-blue,
T17E-9SF,sleeve-for-ipad-pink-pansy,
T17E-1G4,sleeve-for-ipad-pink-pansy-muted-safari,
T17E-1E5,sleeve-for-ipad-pink-pansy-preston-plaid,
T17D-9XV,laptop-sleeve-black-white-fluorecent-pink-miss-zebra,
T17D-1G2,laptop-sleeve-berrylicious-vintage-floral-canvas,
T17D-008,laptop-sleeve-black,
T17D-1F3,laptop-sleeve-black-multi-short-circuit,
T17D-5KS,laptop-sleeve-high-risk-red,
T17D-9RW,laptop-sleeve-mammoth-blue,
T17D-1G4,laptop-sleeve-pink-pansy-muted-safari,
T17D-1E5,laptop-sleeve-pink-pansy-preston-plaid,
T12H-9PC,sleeve-for-laptop-and-ipad-black-gloss-zebra,
T12H-212,sleeve-for-laptop-and-ipad-caramel-leopard,
T12H-6XJ,sleeve-for-laptop-and-ipad-grey-tar,
T12H-7PB,sleeve-for-laptop-and-ipad-white-black-crayon-flower,
T17C-1G2,laptop-sleeve-berrylicious-vintage-froral-canvas,
T17C-008,laptop-sleeve-black,"Specified URL key already exists"
T17C-9XV,laptop-sleeve-black-white-fluorecent-pink-miss-zebra,"Specified URL key already exists"
T17C-1F3,laptop-sleeve-blck-multi-short-circuit,
T17C-5KS,laptop-sleeve-high-risk-red,"Specified URL key already exists"
T17C-9RW,laptop-sleeve-mammoth-blue,"Specified URL key already exists"
T17C-1G4,laptop-sleeve-pink-pansy-muted-safari,"Specified URL key already exists"
T17C-1E5,laptop-sleeve-pink-pansy-preston-plaid,"Specified URL key already exists"
T12G-9PC,sleeve-for-laptop-and-ipad-black-gloss-zebra,"Specified URL key already exists"
T12G-212,sleeve-for-laptop-and-ipad-caramel-leopard,"Specified URL key already exists"
T12G-6XJ,sleeve-for-laptop-and-ipad-grey-tar,"Specified URL key already exists"
T12G-7PB,sleeve-for-laptop-and-ipad-white-black-crayon-flower,"Specified URL key already exists"
T27A-9PC,folio-for-ipad-black-gloss-zebra,
T27A-ZY1,Folio-for-ipad-black-onyx,
T27A-212,folio-for-ipad-caramel-leopard,
T27A-ZM0,folio-for-ipad-fun-floral-on-denim,
T27A-6XJ,folio-for-ipad-grey-tar,
T12J-6XJ,sleeve-for-ipad-grey-tar,
JS00T69J-0WJ,abbie-chambray-sweet-blossom,
JS00T69J-0LM,abbie-coral-peaches-metallic-coat,
JS00T69J-0TR,abbie-gold-3d-stars,
JS00T69J-0LN,abbie-multi-palm-denim,
JS00T69J-0FF,abbie-multi-surf-stripe,
JS00T69J-0U3,abbie-navy-twiggy-dog-jacquard,
JS00T14F-008,agave-black,
JS00T14F-0UT,agave-bozeman-brown/field-tan,
JS00T14F-0UY,agave-forge-grey/red-tape,
JS00T14F-0XN,agave-moroccan-deep-midnight-sky,
T26L-9ER,all-purpose-blue-wash,
T26L-008,all-purpose-black,
T26L-8WG,all-purpose-coral-sparkle,
T26L-9RX,all-purpose-fluorescent-pink,
T26L-9RS,all-purpose-shady-grey,
T71A-9ZG,austin-aqua-dash,
JS00T71A-008,austin-black,
JS00T71A-0JR,austin-black-paintball,
T71A-9SA,austin-coral-peaches,
T71A-ZU3,austin-desert-beige-conflict-camo,
JS00T71A-6XD,austin-forge-grey,
JS00T71A-0KL,austin-multi-concrete-floral,
JS00T71A-0KP,austin-multi-frequency,
JS00T71A-0N9,austin-multi-midnight-bouquet,
JS00T71A-0E2,austin-multi-navy-mountain-meadow,
JS00T71A-0VZ,austin-multi-white-floral-haze,
JS00T71A-9ZH,austin-navy-moonshine,
JS00T71A-9FL,austin-viking-red,
JS00T71A-0WT,autin-aqua-dash-scribbled-ink,
T49A-9RX,bassic-accesory-fluorecent-pink,
T49A-9RW,bassic-accesory-mammonth-blue,
T49A-1U1,bassic-accesory-pouch-mammoth-blue-zoot-suit,
JS0A2T3B-0JB,beacon-coral-sparkle-pretty-posey,
JS0A2T3B-0J8,beacon-jansport-navy-watercolor-chevron,
JS0A2T3B-0P0,beacon-navy-moonshine-lime-punch,
T50A-9ZG,beatnik-aqua-dash,
T50A-008,beatnik-black,
T50A-9W1,beatnik-blue-denim,
T50A-2C9,beatnik-coral-dusk,
T50A-ZB6,beatnik-navy-tokyonights,
T50A-ZB3,beatnik-vivid-purple-acapulco-ombre-stripe,
T50A-8WU,beatnik-yellow-jacket,
JS0A2T3D-0NR,bento-box-coral-sparkle-white-dots,
JS0A2T3D-6XD,bento-box-forge-grey,
JS0A2T3D-0KT,bento-box-multi-bento-box,
JS0A2T3D-0KL,bento-box-multi-concrete-floral,
JS0A2T3D-0E2,bento-box-multi-navy-mountain-meadow,
JS0A2T3D-0MV,bento-box-multi-red-galaxy,
JS00TDN7-0DH,big-student-amazon-green,
JS00TDN7-9ZG,big-student-aqua-dash,
JS00TDN7-0JJ,big-student-aqua-dash-jagged-plaid,
JS00TDN7-0WT,big-student-aqua-dash-scribbled-ink,
TDN7-ZN6,big-student-aqua-dash-spots,
JS00TDN7-008,big-student-black,
JS00TDN7-0KM,big-student-black-arcade-plaid,
JS00TDN7-0A8,big-student-black-kiss-me-quick,
TDN7-0AA,big-student-black-lucky-daisy,
TDN7-1F3,big-student-black-multi-short-circuit,
JS00TDN7-0JR,big-student-black-paintball,
JS00TDN7-01F,big-student-blue-crest,
JS00TDN7-5CS,big-student-blue-streak,
JS00TDN7-0DR,big-student-blue-topaz-oh-bananas,
TDN7-ZT8,big-student-coral-dusk-spots,
TDN7-09Z,big-student-coral-peach-dragon-flight,
TDN7-ZM4,big-student-coral-peach-wild-at-heart,
JS00TDN7-8WG,big-student-coral-sparkle,
JS00TDN7-01B,big-student-cyber-pink,
JS00TDN7-ZU3,big-student-desert-beige-conflict-camo,
JS00TDN7-0EF,big-student-down-town-brown-camo-stripe,
JS00TDN7-04W,big-student-field-tan,
TDN7-9RX,big-student-flourecent-pink,
JS00TDN7-6XD,big-student-forge-grey,
JS00TDN7-0WS,big-student-goose-grey-urban-oasis,
TDN7-1D3,big-student-green-battle-ground,
JS00TDN7-0BE,big-student-grey-rabbit-sylvia-dot,
TDN7-ZE6,big-student-grey-tar-wild-at-heart,
JS00TDN7-5KS,big-student-high-risk-red,
JS00TDN7-0K6,big-student-jansport-navy-night-sky,
JS00TDN7-0AK,big-student-lipstick-pink-tea-rose-ditzy,
TDN7-0AP,big-student-mammoth-blue-wild-at-heart,
JS00TDN7-0KH,big-student-midnight-sky-floral-stripe,
JS00TDN7-09V,big-student-multi-astro-kitty,
JS00TDN7-0XJ,big-student-multi-cali-poppy,
JS00TDN7-0KL,big-student-multi-concrete-floral,
JS00TDN7-0JE,big-student-multi-diamond-arrows,
JS00TDN7-09Y,big-student-multi-donuts,
JS00TDN7-0UE,big-student-multi-flower-explosion,
JS00TDN7-0KP,big-student-multi-frequency,
JS00TDN7-0VT,big-student-multi-garden-space,
JS00TDN7-0DQ,big-student-multi-hot-tropic,
JS00TDN7-0WR,big-student-multi-jungle-jam,
JS00TDN7-0JL,big-student-multi-lava-lamp,
JS00TDN7-0X1,big-student-multi-navy-connect-four,
JS00TDN7-0E2,big-student-multi-navy-mountain-meadow,
JS00TDN7-0AC,big-student-multi-o-x-o,
JS00TDN7-0JP,big-student-multi-ornate-blues,
JS00TDN7-0DU,big-student-multi-painted-ditzy,
TDN7-0AG,big-student-multi-peacock,
JS00TDN7-0JS,big-student-multi-saucy-chevron,
JS00TDN7-0WZ,big-student-multi-south-swell,
JS00TDN7-0UG,big-student-multi-speckled-space,
JS00TDN7-0KN,big-student-multi-stickers,
JS00TDN7-0E9,big-student-multi-sunset-stripe,
JS00TDN7-0JW,big-student-multi-texture-stripe,
JS00TDN7-0EM,big-student-multi-tropic-gold,
JS00TDN7-0KJ,big-student-multi-variegated-stripe,
JS00TDN7-0L2,big-student-multi-wet-sloth,
JS00TDN7-003,big-student-navy,
JS00TDN7-0VQ,big-student-navy-sweet-blossom,
JS00T75K-0NZ,big-student-overexposed-black-aqua-dash,
JS00T75K-1J0,big-student-overexposed-black-fluorescent-pink,
JS00T75K-02D,big-student-overexposed-black-galaxy,
JS00T75K-0N1,big-student-overexposed-coral-sparkle-white,
JS00T75K-0EL,big-student-overexposed-cyber-pink-rocksteady,
JS00T75K-0CX,big-student-overexposed-miss-zebra/mammoth-blue,
JS00T75K-0FZ,big-student-overexposed-multi-marble-prism,
TDN7-1W6,big-student-pink-pansy-confetti-dots,
JS00TDN7-0DG,big-student-purple-plum,
JS00TDN7-5XP,big-student-red-tape,
TDN7-06F,big-student-red-tape-grunge-stripe,
JS00TDN7-0N0,big-student-red-tape/land-ahoy,
JS00TDN7-0D6,big-student-seafom-green,
JS00TDN7-0K4,big-student-shady-grey-/-white-dots,
JS00TDN7-0VN,big-student-shady-grey-shadow-angles,
JS00TDN7-01H,big-student-spanish-teal,
JS00TDN7-0D5,big-student-tahitian-orange,
JS00TDN7-0P7,big-student-tahitian-orange-white-dots,
TDN7-9FL,big-student-viking-red,
TDN7-2C8,big-student-vivid-purple,
"T29N -9ZG",black-label-city-scout-aqua-dash,
TWK8-1Y9,black-label-superbreak-bayside-blue-zebra,
JS00T60G-0JH,black-label-superbreak-black-galaxy-plaid,
JS00T60G-0KG,black-label-superbreak-black-glitch-plaid,
JS00T60G-01F,black-label-superbreak-blue-crest,
JS00TWK8-0DC,black-label-superbreak-blue-topaz,
JS00T60G-04T,black-label-superbreak-burnt-henna,
JS00T60G-05W,black-label-superbreak-burnt-henna-abstract-angles,
JS00TWK8-0F3,black-label-superbreak-corsair-blue,
T60G-01B,black-label-superbreak-cyber-pink,
JS00T60G-0B1,black-label-superbreak-cyber-pink-tribal-artisan,
T60G-02A,black-label-superbreak-cyber-pink-tribal-ombre,
JS00T60G-6XD,black-label-superbreak-forge-grey,
JS00T60G-0HH,black-label-superbreak-jansport-navy,
JS00T60G-0E4,black-label-superbreak-multi-feather-famcy,
JS00T60G-0WW,black-label-superbreak-multi-fishing-lures,
JS00T60G-0VJ,black-label-superbreak-multi-paisley-stripe,
JS00T60G-0WF,black-label-superbreak-multi-turkish-dutch-floral,
JS00T60G-0E1,black-label-superbreak-multi-white-mountain-meadow,
JS00TWK8-0HC,black-label-superbreak-muted-green,
JS00TWK8-0HG,black-label-superbreak-sangria-pink,
JS00TWK8-0D6,black-label-superbreak-seafoam-green,
T75H-0AY,black-label-superbreak-special-edition-black-fading-spots,
T75H-09Q,black-label-superbreak-special-edition-black-green-tiger-camo-fade,
T75H-09L,black-label-superbreak-special-edition-blue-digi-stripe-fade,
T75H-0B0,black-label-superbreak-special-edition-violet-purple-geo-fade,
JS00TWK8-0DE,black-label-superbreak-spectra-yellow,
JS00TWK8-0D5,black-label-superbreak-tahitian-orange,
JS00TWK8-05F,black-label-superbreak-turkish-ocean,
JS00T60G-05B,black-label-superbreak-violet-purple,
JS00T60G-WHX,black-label-superbreak-white,
JS00T68S-008,broadband-black,
JS00T29A-1K2,city-scout-/-mamoth-bluefluoresctpink,
JS00T29A-0DH,city-scout-amazon-green,
JS00T29A-008,city-scout-black,
JS00T29A-0VK,city-scout-black-moving-dots,
JS00T29A-04W,city-scout-field-tan,
JS00T29A-1Q4,city-scout-fluorescent-red,
JS00T29A-5KS,city-scout-high-risk-red,
JS00T29A-0FZ,city-scout-multi-marble-prism,
T29A-0AN,city-scout-multi-watercolor-spots,
JS00T29A-0VZ,city-scout-multi-white-floral-haze,
JS00T29A-003,city-scout-navy,
JS00T29A-ZR6,city-scout-new-blck-fluorescent-pink,
JS00T29A-0D6,city-scout-seafoam-green,
JS00T29A-0K4,city-scout-shady-grey-/-white-dots,
JS00T29A-01H,city-scout-spanish-teal,
JS00T29A-9FL,city-scout-viking-red,
JS0A2SDD-008,cool-student-black,
JS0A2SDD-6XD,cool-student-forge-grey,
JS0A2SDD-0KL,cool-student-multi-concrete-floral,
JS0A2SDD-0E9,cool-student-multi-sunset-stripe,
JS0A2SDD-0D9,cool-student-multi-watercolor-floral,
JS0A2SDD-003,cool-student-navy,
JS0A2SDD-9FL,cool-student-viking-red,
T52R-9ZI,cortlandt-berrylicious-purple,
T52R-008,cortlandt-black,
T52R-ZD7,cortlandt-high-risk-red-shady-angles,
T52R-9RW,cortlandt-mammoth-blue,
JS00T52R-003,cortlandt-navy,
T52R-ZK8,cortlandt-navy-streaky-camo,
T52R-1Q1,cortlandt-pesto-green,
JS00T52R-0XT,cortlandt-shady-grey/seafoam-green,
T52R-ZK1,cortlandt-shadygreysprinkled-floral,
T08T-9ZI,crossland-berrylicious-purple,
T08T-1J6,crossland-grey-denim-polka-dot,
T08T-1V5,crossland-white-blue-wash-vintage-floral-canvas,
TZP5-7TN,daily-transit-white-/-blackcosmozebra-/-primalpurple,
T50F-9ZG,digibreak-aqua-dash,
JS00T50F-008,digibreak-black,
JS00T50F-7TS,digibreak-black-blue-streak,
T50F-0AA,digibreak-black-lucky-daisy,
JS00T50F-09L,digibreak-blue-digi-stripe-fade,
T50F-5CS,digibreak-blue-streak,
JS00T50F-05W,digibreak-burnt-henna-abstrct-angles,
JS00T50F-0JB,digibreak-coral-sparkle-pretty-posey,
JS00T50F-0NR,digibreak-coral-sparkle-white-dots,
JS00T50F-01B,digibreak-cyber-pink,
JS00T50F-0ED,digibreak-cyber-pink-summer-chevron,
T50F-9RX,digibreak-fluorescent-pink,
T50F-ZG8,digibreak-green-machine-topo-camo,
JS00T50F-9ZE,digibreak-grey-rabbit,
JS00T50F-04G,digibreak-malt-tan-boho-stripe,
T50F-0AP,digibreak-mammont-blue-wild-at-heart,
JS00T50F-0KH,digibreak-midnight-sky-floral-stripe,
JS00T50F-0KW,digibreak-multi-3d-wave,
JS00T50F-0WH,digibreak-multi-grey-floral-haze,
JS00T50F-0DQ,digibreak-multi-hot-tropic,
T50F-04J,digibreak-multi-photo-floral,
JS00T50F-0WV,digibreak-navy-color-geo,
JS00T50F-0J8,digibreak-navy-watercolor-chevron,
T50F-06F,digibreak-red-tape-grunge-stripe,
JS00T50F-0NK,digibreak-seafoam-green-white-dots,
JS00T50F-01H,digibreak-spanish-teal,
T50F-2C8,digibreak-vivid-purple,
JS00T50F-0GT,digibreak-white-jazzy-geo,
T19W-9ZI,digital-student-berrylycious-purple,
JS00T69D-8WV,digital-student-black-forge-grey,
T69D-0A8,digital-student-black-kiss-me-quick,
JS00T69D-0V8,digital-student-black-texture-tooth,
T69D-5CS,digital-student-blue-streak,
JS00T69D-0JB,digital-student-coral-sparkle-pretty-posey,
JS00T69D-0NR,digital-student-coral-sparkle-white-dots,
T19W-9RX,digital-student-flourescent-pink,
JS00T69D-6XD,digital-student-forge-grey,
JS00T69D-0J9,digital-student-high-rish-red-checkers,
JS00T69D-0J8,digital-student-jansport-navy-watercolor-chevron,
JS00T69D-04G,digital-student-malt-tan-boho-stripe,
T69D-0AP,digital-student-mammonth-blu-wild-at-heart,
T19W-ZE3,digital-student-mammoth-blue-super-splash,
JS00T69D-0KH,digital-student-midnight-sky-floral-stripe,
T69D-09V,digital-student-multi-astro-kitty,
T69D-0A1,digital-student-multi-grey-floral-flourish,
JS00T69D-0WH,digital-student-multi-grey-floral-haze,
JS00T69D-0V6,digital-student-multi-ice-baby,
T69D-0B5,digital-student-multi-junk-food,
JS00T69D-0FZ,digital-student-multi-marble-prism,
JS00T69D-0E2,digital-student-multi-navy-mountain-meadow,
JS00T69D-0MV,digital-student-multi-red-galaxy,
JS00T69D-0WV,digital-student-navy-color-geo,
JS00T69D-0N0,digital-student-red-tape-land-ahoy,
T69D-ZK1,digital-student-shady-grey-sprinkled-floral,
JS00T69D-0P5,digital-student-spanish-teal-multi-stickers,
JS00T69D-05B,digital-student-violet-purple,
T69F-ZS3,digital-wrap-black-beige-plush-cheetah,
T69F-0AR,digital-wrap-black-plush-lips,
T69F-0CZ,digital-wrap-multi-burrito,
JS00TN89-008,driver-8-black,
JS00TN89-0JB,driver-8-coral-sparkle-pretty-posey,
JS00TN89-0JE,driver-8-multi-diamond-arrows,
JS00TN89-0WH,driver-8-multi-grey-floral-haze,
JS00TN89-0E2,driver-8-multi-navy-mountain-meadow,
JS00TN89-0MV,driver-8-multi-red-galaxy,
JS00TN89-003,driver-8-navy,
JS00TN89-0VQ,driver-8-navy-sweet-blossom,
JS00TN89-0N0,driver-8-red-tape-land-ahoy,
JS00TN89-0NK,driver-8-seafoam-green-white-dots,
JS00TN89-9FL,driver-8-viking-red,
TN89-01W,driver-8-wheeled-black-floral-geo,
TN89-0A8,driver-8-wheeled-black-kiss-me-quick,
TN89-0AP,driver-8-wheeled-mammoth-blue-wild-at-heart,
TZU9-008,emma-tote-black,
TZU9-9FA,emma-tote-pink-tulip,
TZU9-9HY,emma-tote-purple-sky-multi-watercolor,
TZU9-9MM,emma-tote-purple-sky/vanilla-ice-white-reno-plaid,
TZV8-9MK,emma-tote-se-black-multi-metallic-reptile,
JS00T45G-008,envoy-black,
T45G-5CS,envoy-blue-streak,
JS00T45G-6XD,envoy-forge-grey,
JS00T45G-0KJ,envoy-grey-multi-variegated-stripe,
JS00T45G-0BE,envoy-grey-rabbit-sylvia-dot,
T45G-0A1,envoy-multi-grey-floral-flourish,
JS00T45G-0E2,envoy-multi-navy-mountain-meadow,
JS00T45G-9FL,envoy-viking-red,
JS00TAN1-0X1,fifht-avenue-multi-navy-connect-four,
TAN1-9ZG,fifth-avenue-aqua-dash,
JS00TAN1-008,fifth-avenue-black,
JS00TAN1-06Q,fifth-avenue-black-ziggy,
JS00TAN1-01F,fifth-avenue-blue-crest,
JS00TAN1-01B,fifth-avenue-cyber-pink,
JS00TAN1-0EG,fifth-avenue-cyber-pink-block-floral,
TAN1-9RX,fifth-avenue-fluorescent-pink,
TAN1-ZE6,fifth-avenue-grey-tar-wild-at-heart,
TAN1-2D5,fifth-avenue-lorac-yellow,
TAN1-09V,fifth-avenue-multi-astro-kitty,
JS00TAN1-0KL,fifth-avenue-multi-concrete-floral,
TAN1-09Y,fifth-avenue-multi-donuts,
JS00TAN1-0A1,fifth-avenue-multi-grey-floral-flourish,
JS00TAN1-0WH,fifth-avenue-multi-grey-floral-haze,
JS00TAN1-0DQ,fifth-avenue-multi-hot-tropic,
JS00TAN1-0WR,fifth-avenue-multi-jungle-jam,
JS00TAN1-0MV,fifth-avenue-multi-red-galaxy,
JS00TAN1-0UG,fifth-avenue-multi-speckled-space,
JS00TAN1-0KN,fifth-avenue-multi-stckers,
JS00TAN1-0E9,fifth-avenue-multi-sunset-stripe,
JS00TAN1-0EM,fifth-avenue-multi-tropic-gold,
JS00TAN1-003,fifth-avenue-navy,
JS00TAN1-0N0,fifth-avenue-red-tape-land-ahoy,
T06V-008,first-class-13''-black,
T52M-ZY6,fox-hole-buckthorn-brown-yellow-jacket,
T52M-ZY7,fox-hole-taro-teal-moonlit-teal,
JS00TDH6-9ZG,half-pint-aqua-dash,
JS00TDH6-0JJ,half-pint-aqua-dash-jagged-plaid,
JS00TDH6-008,half-pint-black,
JS00TDH6-8WG,half-pint-coral-sparkle,
TDH6-9RX,half-pint-fluorescent-pink,
JS00TDH6-0XJ,half-pint-multi-cali-poppy,
JS00TDH6-0KL,half-pint-multi-concrete-floral,
TDH6-09Y,half-pint-multi-donuts,
JS00TDH6-0UE,half-pint-multi-flower-explosion,
JS00TDH6-0KN,half-pint-multi-stickers,
JS00TDH6-0D6,half-pint-seafoam-green,
JS00TDH6-01H,half-pint-spanish-teal,
JS00TDH6-05B,half-pint-violet-purple,
TDH6-2C8,half-pint-vivid-purple,
JS00T52S-008,hatchet-black,
JS00T52S-0BL,hatchet-black-camo-fade,
T52S-9RV,hatchet-bozeman-brown,
JS00T52S-0UY,hatchet-forge-grey/red-tape,
JS00T52S-6XJ,hatchet-grey-tar,
T52S-04Z,hatchet-midnight-sky,
JS00T52S-0WW,hatchet-multi-fishing-lures,
JS00T52S-0WF,hatchet-multi-turkish-dutch-floral,
JS00TRS7-0AW,high-stakes-multi-lightening-strike,
TRS7-7PA,high-stakes-/white/multi-feathers,
JS00TRS7-0DN,high-stakes-aqua-dash-water-lotus,
JS00TRS7-0EB,high-stakes-black-first-love,
JS00T64U-03W,high-stakes-black-laser-lace,
JS00TRS7-0DM,high-stakes-black-miss-zebra-flock,
JS00TRS7-0AR,high-stakes-black-plush-lips,
JS00TRS7-212,high-stakes-caramel-leopard,
JS00T75J-0JB,high-stakes-coral-sparkle-pretty-posey,
JS00TRS7-0J1,high-stakes-jansport-navy-splendid-vine-flock,
JS00T75J-0J8,high-stakes-jansport-navy-watercolor-chevron,
JS00T75J-0NE,high-stakes-mammoth-blue-multi-stickers,
JS00TRS7-0EN,high-stakes-multi-agate-skies,
JS00TRS7-0KA,high-stakes-multi-cosmic-waters,
JS00TRS7-0E6,high-stakes-multi-graffiti,
JS00TRS7-0GM,high-stakes-multi-grunge-usa,
JS00TRS7-ZU5,high-stakes-multi-intergalactica,
JS00TRS7-0BV,high-stakes-multi-laguna-beach,
JS00TRS7-0W3,high-stakes-multi-linear-skies,
JS00TRS7-0W1,high-stakes-multi-sun-fade-ombre,
JS00TRS7-0LV,high-stakes-multi-tropical-island,
JS00TRS7-0FU,high-stakes-multi-tulips,
JS00TRS7-0KB,high-stakes-multi-water-ombre,
JS00TRS7-0J0,high-stakes-navy-moonshine-star-spangle,
JS00T75J-0N0,high-stakes-red-tape-land-ahoy,
JS00T64U-0NY,high-stakes-shady-grey-seafoam-laser-lace,
JS00TRS7-0HY,high-stakes-white-black-houndstooth,
JS0A2SDF-0UQ,hippyland-black/gold,
JS0A2SDF-0WJ,hippyland-chambray-sweet-blossom,
JS0A2SDF-0LM,hippyland-coral-peaches-metallic-coat,
JS0A2SDF-0TR,hippyland-gold-3d-stars,
JS0A2SDF-0FD,hippyland-multi-garden-delight,
JS0A2SDF-0FF,hippyland-multi-surf-stripe,
JS0A2SDF-0U3,hippyland-navy-twiggy-dot-jacquard,
JS0A2SDF-0GG,hippyland-pewter-metallic-coat,
JS0A2SDF-0LP,hippyland-silver-sparkle-twill,
T29G-008,hoffman-black,
T29G-9RU,hoffman-desert-beige,
T29G-2C8,hoffman-vivid-purple,
T29G-ZB3,hoffman-vivid-purple-acapulcos-tripe,
JS00T13Y-008,houston-black,
JS00T13Y-0U2,houston-black-white-suited-plaid,
T13Y-9RU,houston-desert-beige,
JS00T13Y-0LR,houston-grey-pixel-pinstripe,
T13Y-9ZE,houston-grey-rabbit,
JS00T13Y-0FD,houston-multi-garden-delight,
JS00T13Y-0TV,houston-natural-speckled-canvas,
JS00T13Y-0L1,houston-neutral-peruvian-maze,
JS00T13Y-0J5,houston-red-tape-iplaid,
JS00T13Y-0ZJ,houston-silver-twiggy-dot-jacquard,
JS00T13Y-0KE,houston-turkish-ocean-hashtag-doodad,
JS0A2T3F-008,impulse-black,
JS0A2T3F-0WH,impulse-multi-grey-floral-haze,
JS0A2T3F-0WV,impulse-navy-color-geo,
JS0A2T3F-9RS,impulse-shady-grey,
JS0A2SDJ-0WJ,indio-chambray-sweet-blossom,
JS0A2SDJ-0FX,indio-frost-teal,
T45D-008,insider-black,
T45D-01V,insider-fluorescent-pink-dots,
T45D-ZG8,insider-green-machine-topo-camo,
JS00T49C-0UE,large-accesory-pouch-multi-flower-explosion,
JS00T49C-008,large-accesory-pouch-black,
JS00T49C-01B,large-accesory-pouch-cyber-pink,
JS00T49C-0KN,large-accesory-pouch-multi-stickers,
JS00T49C-0VQ,large-accesory-pouch-navy-sweet-blossom,
T49B-008,medium-accesory-pouch-black,
T49B-9RX,medium-accesory-pouch-fluorecent-pink,
T49B-1U1,medium-accesory-pouch-mammonth-blue-zoot-suit,
T49B-9RW,medium-accesory-pouch-mammoth-blue,
JS00T49B-0J8,medium-accesory-pouch-jansport-navy-watercolor-chevron,
JS00T49B-01H,medium-accesory-pouch-spanish-teal,
JS00T49B-0E2,medium-accesory-pouch-multi-navy-mountain-meadow,
T49B-1W6,medium-accesory-pouch-pink-pansy-confetti-dots,
JS00T54R-008,network-black,
JS00T54R-0N2,network-grey-vanishing-rip,
JS00T54R-0KL,network-multi-concrete-floral,
T54R-0A1,network-multi-grey-floral-flourish,
JS00T54R-0WH,network-multi-grey-floral-haze,
JS00T54R-9RS,network-shady-grey,
JS00T54R-01H,network-spanish-teal,
T54R-2C8,network-vivid-purple,
JS0A2T39-008,node-black,
JS0A2T39-0J9,node-high-risk-red-checkers,
JS0A2T39-0P0,node-navy-mooshine-lime-punch,
JS0A2T39-9RS,node-shady-grey,
JS00T08W-0MS,overexposed-algiers-blue-high-risk-red,
JS00T08W-0NT,overexposed-aqua-dash-violeth-purple,
JS00T08W-1J0,overexposed-black-fluorescent-pink,
JS00T08W-0MT,overexposed-black-white,
JS00T08W-0EL,overexposed-cyber-pink-rocksteady,
JS00T08W-0CS,overexposed-fluorescent-pink-violet-purple,
JS00T08W-0CU,overexposed-mammoth-blue-fluorescent-red,
JS00T08W-0GJ,overexposed-mammoth-blue/navy-moonshine,
JS00T08W-0XJ,overexposed-multi-cali-poppy,
JS00T08W-0FZ,overexposed-multi-marble-prism,
JS00T08W-0MV,overexposed-multi-red-galaxy,
JS00T08W-0UG,overexposed-multi-speckled-space,
JS00T08W-0D9,overexposed-multi-watercolor-floral,
JS00T08W-0MU,overexposed-pink-pansy-mammoth-blue,
JS00T08W-0CT,overexposed-shady-grey-fluorescent-orange,
JS00T68X-0ED,pixel-accesory-pouch-cyber-pink-summer-chevron,
JS00T68X-0DQ,pixel-accesory-pouch-multi-hot-tropic,
JS00T68X-0DU,pixel-accesory-pouch-multi-painted-ditzy,
JS00T55B-008,platform-black,
JS00T55B-0TC,platform-desert-beige-static,
JS00T55B-9ZE,platform-grey-rabbit,
JS00T55B-0N2,platform-grey-vanishing-rip,
JS00T55B-003,platform-navy,
T38U-1Z2,regional-collection-lone-start,
T38U-1Z3,regional-collection-brazil,
JS00T70F-008,reilly-black,
JS00T70F-0F3,reilly-corsair-blue,
JS00T70F-0FX,reilly-frost-teal,
JS00T70F-9ZE,reilly-grey-rabbit,
JS00T70F-05D,reilly-lipstick-kiss,
JS00T70F-9ZH,reilly-navy-moonshine,
JS00T70F-0H4,reilly-purple-frost,
JS00T70F-9FL,reilly-viking-red,
TYP7-9ZG,right-pack-aqua-dash,
JS00TYP7-2D6,right-pack-barber-green,
TYP7-1P7,right-pack-bayside-blue,
TYP7-9ZI,right-pack-berrylicious-purple,
JS00TYP7-008,right-pack-black,
JS00TYP7-01F,right-pack-blue-crest,
JS00TYP7-04T,right-pack-burnt-henna,
JS00TYP7-05C,right-pack-cerise,
JS00TYP7-0F3,right-pack-corsair-blue,
JS00T58T-0U2,right-pack-de-black/white-suited-plaid,
JS00T58T-0SR,right-pack-de-jansport-navy-half-tone-fade,
TYP7-9RU,right-pack-desert-beige,
JS00TZR6-0FM,right-pack-expressions-blue-chambray-wild-rose,
TZR6-1W3,right-pack-expressions-blue-streak-cloud-break,
JS00TZR6-0WJ,right-pack-expressions-chambray-sweet-blossom,
TZR6-1Y0,right-pack-expressions-forge-grey-wild-rose,
JS00TZR6-0B4,right-pack-expressions-moonlit-teal-canvas-abstract-angles,
JS00TZR6-0GP,right-pack-expressions-multi-black-white-graphic-floral,
JS00TZR6-0VH,right-pack-expressions-multi-cherry-blossom,
JS00TZR6-0VE,right-pack-expressions-multi-floral-finesse,
JS00TZR6-0FD,right-pack-expressions-multi-garden-delight,
JS00TZR6-0J2,right-pack-expressions-multi-rainbow-garden-flock,
JS00TZR6-03E,right-pack-expressions-multi-weave-stripe,
JS00TZR6-0TV,right-pack-expressions-natural-speckled-canvas,
JS00TZR6-0U3,right-pack-expressions-navy-twiggy-dot-jacquard,
TZR6-1Y1,right-pack-expressions-queen-maltese,
JS00TZR6-0ER,right-pack-expressions-rose-blush-henna-rose,
JS00TZR6-0JN,right-pack-expressions-russet-red-moroccan-ikat,
JS00TZR6-0U7,right-pack-expressions-spanish-teal-ethnic-stripe,
JS00TZR6-0TT,right-pack-expressions-sun-kissed-poly-canvas,
TZR6-ZS8,right-pack-expressions-white-blue-wash-vintage-floral-/-brown-suede,
TYP7-04X,right-pack-forest-moss,
JS00TYP7-0FX,right-pack-frost-teal,
TYP7-5CN,right-pack-green-machine,
TYP7-9ZE,right-pack-grey-rabbit,
JS00TYP7-5KS,right-pack-high-risk-red,
TYP7-01G,right-pack-lime-punch,
JS00TYP7-05D,right-pack-lipstick-kiss,
JS00TYP7-003,right-pack-navy,
TYP7-01E,right-pack-orange-gold,
JS00TYP7-0H4,right-pack-purple-frost,
JS00TYP7-04S,right-pack-russet-red,
JS00TYP7-0HG,right-pack-sangria-pink,
JS00TYP7-0D6,right-pack-seafoam-green,
TYP7-01H,right-pack-spanish-teal,
JS0A2SDB-0P4,right-pack-street-multiarlin,
JS00TYP7-0D5,right-pack-tahitian-orange,
TYP7-9FL,right-pack-viking-red,
TYP7-2C8,right-pack-vivid-purple,
T49Z-ZB5,right-pack-world-black-white-rio-walk,
T49Z-ZL1,right-pack-world-downtown-brown-muddy-mali,
T49Z-ZB6,right-pack-world-navy-tokyo-nights,
T49Z-ZB4,right-pack-world-red-tape-shanghai-sunset,
T49Z-ZB3,right-pack-world-vivid-purple-acapulco-ombre-stripe,
TYP7-7MM,right-pack-yellow-card,
JS00TYP7-0RB,right-pack-yellow-iris,
JS0A2T3C-008,right-pouch-black,
JS0A2T3C-0U2,right-pouch-black/white-suited-plaid,
JS0A2T3C-0VE,right-pouch-multi-floral-finesse,
JS0A2T3C-0U3,right-pouch-navy-twiggy-dot-jacquard,
JS0A2T3C-0D6,right-pouch-seafoam-green,
JS00T34J-1X3,sinder-15-black-grey-tar,
JS00T34J-0BD,sinder-15-black-jungle-maze,
T34J-5CS,sinder-15-blue-streak,
T34J-6XJ,sinder-15-grey-tar,
T34J-9FC,sinder-15-purple-night,
T35V-5CS,sinder-20-blue-streak,
T35V-6XJ,sinder-20-grey-tar,
T35V-9FC,sinder-20-purple-night,
T26U-1G2,slip-case-for-iphone-/-berry-licious-vnt-frl-cnvs,
T26U-1F3,slip-case-for-iphone-/-black-multi-short-circuit,
T26U-9XV,slip-case-for-iphone-/-black-white-florecent-pink-ms-zebra,
T26U-1E5,slip-case-for-iphone-/-pink-pansy-preston-plaid,
T30S-1F3,slipcase-for-iphone-5-black-multi-short-curcuit,
T30S-9XV,slipcase-for-iphone-5-black-white-pink-pansy-miss-zebra,
T30S-1E5,slipcase-for-iphone-5-pink-pansy-preston-plaid,
T30S-1G2,slipcase-for-iphone-5-white-vintage-floral-canvas,
TZA2-9RW,sliver-mammonth-blue,
TZA2-1H8,sliver-multi-glow-box,
T27B-1G2,snaps-stand-/-berrylicious-vnt-frl-cnvs,
T27B-1F3,snaps-stand-/-black-multi-short-circuit,
T27B-9XV,snaps-stand-/-black-white-florecent-pink-ms-zebra,
T27B-ZM4,snaps-stand-/-for-ipad-coral-peaches-wil-d-heart,
T27B-9RW,snaps-stand-/-mammoth-blue,
T27B-1E5,snaps-stand-/-pink-pansy-preston-plaid,
JS00T55A-008,source-black,
JS00T55A-0N2,source-grey-vanishing-rip,
JS00TDH7-008,spring-break-black,
JS00TDH7-01F,spring-break-blue-crest,
JS00TDH7-8WG,spring-break-coral-sparkle,
JS00TDH7-01B,spring-break-cyber-pink,
JS00TDH7-6XD,spring-break-forge-grey,
TDH7-0AA,spring-break-black-lucky-daisy,
JS00TDH7-9RW,spring-break-mammoth-blue,
JS00TDH7-0XJ,spring-break-multi-cali-poppy,
JS00TDH7-0KL,spring-break-multi-concrete-floral,
JS00TDH7-0VT,spring-break-multi-garden-space,
JS00TDH7-0X1,spring-break-multi-navy-connect-four,
JS00TDH7-0JP,spring-break-multi-ornate-bl,
JS00TDH7-0UG,spring-break-multi-speckled-space,
JS00TDH7-0KN,spring-break-multi-stickers,
JS00TDH7-0EM,spring-break-multi-tropic-gold,
TDH7-003,spring-break-navy,
JS00TDH7-0K4,spring-break-shady-grey-white,
JS00T64Q-0F8,super-fx-black-splatter-denim,
JS00T64Q-0FP,super-fx-black-white-letterman,
JS0A2SDR-0UQ,super-fx-black/gold,
T64Q-02S,super-fx-burrito-(prepack)-navy-moonnshine-anchors-away,
JS00TVP8-0LM,super-fx-coral-peaches-metallic-coat,
TVP8-03G,super-fx-dark-blue-denim-laser-star,
JS0A2SDR-0TR,super-fx-gold-3d-stars,
JS00T64Q-0LF,super-fx-jansport-navy-herringbone-stripe,
JS00TVP8-0LN,super-fx-multi-palm-denim,
JS00TVP8-0YT,super-fx-multi-patchwork-posey,
JS00T64Q-0LQ,super-fx-multi-sunrise,
JS00T64Q-0FF,super-fx-multi-surf-stripe,
TVP8-04P,super-fx-navy-union-jack,
JS00TVP8-0GG,super-fx-pewter-metallic-coat,
JS00TVP8-0GH,super-fx-red-metallic-coat,
JS0A2SDR-0VY,super-fx-silver-psy-chedelic,
JS00TVP8-0LP,super-fx-silver-sparkle-twill,
JS00TVP8-0KZ,super-fx-white-denim-emblem,
JS00T501-0DH,superbreak-amazon-green,
JS00T501-0DQ,superbreak-multi-hot-tropic,
T501-9ZG,superbreak-aqua-dash,
JS00T501-0JJ,superbreak-aqua-dash-jagged-plaid,
JS00T501-0WT,superbreak-aqua-dash-scribbled-ink,
T501-ZN6,superbreak-aqua-dash-spots,
JS00T501-0JT,superbreak-aqua-dash-static,
T501-1Y9,superbreak-baysideblinterrupted-zebra,
JS00T501-008,superbreak-black,
JS00T501-0KM,superbreak-black-arcade-plaid,
JS00T501-09Z,superbreak-black-ele-fancy,
JS00T501-0AA,superbreak-black-lucky-daisy,
JS00T501-0JR,superbreak-black-paintball,
T501-06N,superbreak-black-superhero,
JS00T501-0LC,superbreak-black-tonal-usa,
JS00T501-06Q,superbreak-black-ziggy,
JS00T501-0EK,superbreak-black/white-bebop,
JS00T501-01F,superbreak-blue-crest,
T501-5CS,superbreak-blue-streak,
JS00T501-0DR,superbreak-blue-topaz-oh-bananas,
T501-9SA,superbreak-coral-peaches,
JS00T501-01B,superbreak-cyber-pink,
JS00T501-0EG,superbreak-cyber-pink-block-floral,
JS00T501-0ED,superbreak-cyber-pink-summer-chevron,
JS00T501-ZU3,superbreak-desert-beige-confl,
JS00T501-0EF,superbreak-down-town-brown-camo-stripe,
JS00T501-04W,superbreak-field-tan,
JS00T501-1Q4,superbreak-fluorecent-red,
JS00T501-9RX,superbreak-fluorescent-pink,
T501-6XD,superbreak-forge-grey,
JS00T501-0WS,superbreak-goose-grey-urban-oasis,
JS00T501-0BE,superbreak-grey-rabbit-sylvia-dot,
T501-0A5,superbreak-high-risk-red-heart-to-resist,
JS00T501-0K6,superbreak-jansport-navy-night-sky,
T501-9RW,superbreak-mammoth-blue,
JS00T501-0KH,superbreak-midnight-sky-floral-stripe,
T501-0BF,superbreak-multi-purple-drip-dye,
JS00T501-ZQ1,superbreak-multi-blue-drip-dye,
JS00T501-0GB,superbreak-multi-blue-ice,
JS00T501-0KQ,superbreak-multi-butcher-block,
JS00T501-0K8,superbreak-multi-california-poppy,
JS00T501-0DY,superbreak-multi-comic-strip,
JS00T501-0KL,superbreak-multi-concrete-floral,
JS00T501-0WA,superbreak-multi-desert-mirage,
JS00T501-0JE,superbreak-multi-diamond-arrows,
JS00T501-0JF,superbreak-multi-dotty-stripe,
JS00T501-0W0,superbreak-multi-fast-lines,
T501-0A0,superbreak-multi-fireworks,
JS00T501-0UE,superbreak-multi-flower-explosion,
JS00T501-0KP,superbreak-multi-frequency,
JS00T501-0VT,superbreak-multi-garden-space,
JS00T501-0A1,superbreak-multi-grey-floral-flourish,
JS00T501-0WR,superbreak-multi-jungle-jam,
JS00T501-0B5,superbreak-multi-junk-food,
JS00T501-0JL,superbreak-multi-lava-lamp,
JS00T501-0JM,superbreak-multi-lost-marbles,
JS00T501-0X1,superbreak-multi-navy-connect-four,
JS00T501-0E2,superbreak-multi-navy-mountain-meadow,
T501-ZJ5,superbreak-multi-oriental-bloom,
JS00T501-0JP,superbreak-multi-ornate-blues,
JS00T501-0AC,superbreak-multi-oxo,
JS00T501-0DU,superbreak-multi-painted-ditzy,
JS00T501-0AF,superbreak-multi-painted-stones,
T501-0AG,superbreak-multi-peacock,
JS00T501-0EJ,superbreak-multi-pool-party,
T501-0AD,superbreak-multi-purple-ombre-daisy,
JS00T501-0JS,superbreak-multi-saucy-chevron,
JS00T501-0WZ,superbreak-multi-south-swell,
JS00T501-0KN,superbreak-multi-stickers,
JS00T501-0VW,superbreak-multi-summer-festival,
JS00T501-0E9,superbreak-multi-sunset-stripe,
JS00T501-0JU,superbreak-multi-super-swirls,
JS00T501-0JV,superbreak-multi-sweater-knit,
JS00T501-0JW,superbreak-multi-texture-stripe,
JS00T501-0JX,superbreak-multi-tie-dye-swirls,
JS00T501-0EM,superbreak-multi-tropic-gold,
JS00T501-0JY,superbreak-multi-watercolor-angles,
JS00T501-0AN,superbreak-multi-watercolor-spots,
JS00T501-0L2,superbreak-multi-wet-sloth,
JS00T501-0VZ,superbreak-multi-white-floral-haze,
JS00T501-0KJ,superbreak-multivariegated-stripe,
JS00T501-003,superbreak-navy,
JS00T501-0DS,superbreak-navy-moonshineislandombre,
JS00T501-0VQ,superbreak-navy-sweet-blossom,
JS00T501-0DG,superbreak-purple-plum,
T501-09P,superbreak-red-new-california-republic,
JS00T501-5XP,superbreak-red-tape,
JS00T501-0N0,superbreak-red-tape-land-ahoy,
JS00T501-0D6,superbreak-seafoam-green,
JS00T501-0K4,superbreak-shady-grey-/-white-dots,
JS00T501-0VN,superbreak-shady-grey-shadow-angles,
JS00T501-0K7,superbreak-shady-grey-stitch-plaid,
JS00T501-01H,superbreak-spanish-teal,
T501-9FG,superbreak-swedish-blue,
JS00T501-0D5,superbreak-tahitian-orange,
JS00T501-0P7,superbreak-tahitian-orange-white-dots,
JS00T501-9FL,superbreak-viking-red,
JS00T501-05B,superbreak-violet-purple,
T501-2C8,superbreak-vivid-purple,
T501-WHX,superbreak-white,
T501-1S4,superbreak-white-black-gracie-dot,
JS00T501-7MM,superbreak-yellow-card,
JS00T501-06B,superbreak-zap-green-double-vision,
JS00T54S-008,tasker-black,
T26Q-5SM,thunderclap-buckthorn-brown,
T26Q-6XJ,thunderclap-grey-tar,
T26Q-9FL,thunderclap-viking-red,
T08U-9ZI,waistland-berrylicious-purple,
T08U-1J6,waistland-grey-denim-polka-dot,
JS00THE9-0JJ,wheeled-superbreak-aqua-dash-jagged-plaid,
THE9-008,wheeled-superbreak-black,
THE9-9QC,wheeled-superbreak-blue-streak-tone-deaf,
THE9-ZD9,wheeled-superbreak-coral-dusk-sideways-plaid,
THE9-ZT8,wheeled-superbreak-coral-dusk-spots,
JS00THE9-01B,wheeled-superbreak-cyber-pink,
JS00THE9-0ED,wheeled-superbreak-cyber-pink-summer-chevron,
THE9-ZY9,wheeled-superbreak-fluorescent-pink-orange-team,
THE9-0A5,wheeled-superbreak-high-rish-red-heart-to-resist,
JS00THE9-0KL,wheeled-superbreak-multi-concrete-floral,
JS00THE9-0UE,wheeled-superbreak-multi-flower-explosion,
THE9-ZF6,wheeled-superbreak-multi-neon-galaxy,
JS00THE9-0DU,wheeled-superbreak-multi-painted-ditzy,
JS00THE9-0UG,wheeled-superbreak-multi-speckled-space,
JS00THE9-0JW,wheeled-superbreak-multi-texture-stripe,
THE9-0AN,wheeled-superbreak-multi-watercolor-spots,
THE9-003,wheeled-superbreak-navy,
THE9-9QX,wheeled-superbreak-pink-prep-hippy-skip,
THE9-9HY,wheeled-superbreak-purple-sky-multi-watercolor,
JS0A2T3A-0JB,women-s-node-coral-sparkle-pretty-posey,
JS0A2T3A-0J8,women-s-node-jansport-navy-watercolor-chevron,
JS0A2T3A-0D6,women-s-node-seafoam-green,
T26Z,folio-for-ipad,
T17E,tablet-sleeve,
T17D,Laptop-sleeve-1,
T12H,Laptop-sleeve-2,
T17C,Laptop-sleeve-3,
T12G,Laptop-sleeve-4,
T27A,folio-for-ipad,"Specified URL key already exists"
T12J,tablet-sleeve,"Specified URL key already exists"
JS00T69J,abbie,
JS00T14F,agave,
T26L,all-purpose-backpack,
JS00T71A,austin-backpack,
T49A,bassic-accesory,
T50A,beatnik,
JS0A2T3D,bento-box,
JS00TDN7,big-student-backpack,
JS00T75K,big-student-overexposed-backpack,
JS00T60G,black-label-superbreak-backpack,
T75H,black-label-superbreak-special-edition,
JS00T68S,broadband,
JS00T29A,city-scout-backpack,
JS0A2SDD,cool-student-backpack,
JS00T52R,cortlandt,
T08T,crossland,
TZP5,daily-transit,
JS00T50F,digibreak-backpack,
JS00T69D,digital-student-backpack,
T69F,digital-wrap,
JS00TN89,driver-8,
TZU9,emma-tote,
JS00T45G,envoy-backpack,
JS00TAN1,fifth-avenue,
T06V,first-class,
T52M,fox-hole-backpack,
JS00TDH6,half-pint-backpack,
JS00T52S,hatchet-backpack,
JS00TRS7,high-stakes-backpack,
JS0A2SDF,hippyland,
T29G,hoffman-backpack,
JS00T13Y,houston-backpack,
JS0A2T3F,impulse,
JS0A2SDJ,indio,
T35V,sinder-20,
T26U,slip-case-for-iphone,
T30S,slipcase-for-iphone-5,
TZA2,sliver,
T27B,snaps-stand,
JS00T55A,source-backpack,
JS00TDH7,spring-break,
JS00T64Q,super-fx-backpack,
JS00T501,superbreak-backpack,
JS00T54S,tasker,
T26Q,thunderclap-backpack,
T08U,waistland,
JS00T34J,sinder-15,
JS0A2T3C,right-pouch,
T49Z,right-pack-world-backpack,
T45D,insider-backpack,
JS00T49C,large-accesory-pouch,
JS00T49B,medium-accesory-pouch,
JS00T54R,network,
JS0A2T39,node-backpack,
JS00T08W,overexposed-backpack,
JS00T68X,pixel-accesories,
JS00T55B,platform-backpack,
T38U,regional-collection-backpack,
JS00T70F,reilly-backpack,
JS00TYP7,right-pack-backpack,
JS00TZR6,right-pack-expressions-backpack,
JS00THE9,wheeled-superbreak,
24-WG085,womens-node-backpack,"Specified URL key already exists"
24-WG085-bundle-dynamic,sprite-yoga-strap-dynamic-bundle,
24-WG085-bundle-fixed,sprite-yoga-strap-fixed-bundle,
JS0A2T3A,womens-node-backpack,"Specified URL key already exists"
