sku,categories,errors
T26Z-1F8,"Jansports/DIGITAL NEW,Jansports/ACCESSORIES/DIGITAL",
T26Z-008,"Jansports/DIGITAL NEW,Jansports/ACCESSORIES/DIGITAL",
T26Z-1F3,"Jansports/DIGITAL NEW,Jansports/ACCESSORIES/DIGITAL",
T26Z-9XV,"Jansports/DIGITAL NEW,Jansports/ACCESSORIES/DIGITAL",
T26Z-9RW,"Jansports/DIGITAL NEW,Jansports/ACCESSORIES/DIGITAL",
T26Z-1E5,"Jansports/DIGITAL NEW,Jansports/ACCESSORIES/DIGITAL",
T17E-1G2,"Jansports/DIGITAL NEW,Jansports/ACCESSORIES/DIGITAL",
T17E-008,"Jansports/DIGITAL NEW,Jansports/ACCESSORIES/DIGITAL",
T17E-1F3,"Jansports/DIGITAL NEW,Jansports/ACCESSORIES/DIGITAL",
T17E-9XV,"Jansports/DIGITAL NEW,Jansports/ACCESSORIES/DIGITAL",
T17E-5KS,"Jansports/DIGITAL NEW,Jansports/ACCESSORIES/DIGITAL",
T17E-9RW,"Jansports/DIGITAL NEW,Jansports/ACCESSORIES/DIGITAL",
T17E-9SF,"Jansports/DIGITAL NEW,Jansports/ACCESSORIES/DIGITAL",
T17E-1G4,"Jansports/DIGITAL NEW,Jansports/ACCESSORIES/DIGITAL",
T17E-1E5,"Jansports/DIGITAL NEW,Jansports/ACCESSORIES/DIGITAL",
T17D-9XV,"Jansports/DIGITAL NEW,Jansports/ACCESSORIES/DIGITAL",
T17D-1G2,"Jansports/DIGITAL NEW,Jansports/ACCESSORIES/DIGITAL",
T17D-008,"Jansports/DIGITAL NEW,Jansports/ACCESSORIES/DIGITAL",
T17D-1F3,"Jansports/DIGITAL NEW,Jansports/ACCESSORIES/DIGITAL",
T17D-5KS,"Jansports/DIGITAL NEW,Jansports/ACCESSORIES/DIGITAL",
T17D-9RW,"Jansports/DIGITAL NEW,Jansports/ACCESSORIES/DIGITAL",
T17D-1G4,"Jansports/DIGITAL NEW,Jansports/ACCESSORIES/DIGITAL",
T17D-1E5,"Jansports/DIGITAL NEW,Jansports/ACCESSORIES/DIGITAL",
T12H-9PC,"Jansports/DIGITAL NEW,Jansports/ACCESSORIES/DIGITAL",
T12H-212,"Jansports/DIGITAL NEW,Jansports/ACCESSORIES/DIGITAL",
T12H-6XJ,"Jansports/DIGITAL NEW,Jansports/ACCESSORIES/DIGITAL",
T12H-7PB,"Jansports/DIGITAL NEW,Jansports/ACCESSORIES/DIGITAL",
T17C-1G2,"Jansports/DIGITAL NEW,Jansports/ACCESSORIES/DIGITAL",
T17C-008,"Jansports/DIGITAL NEW,Jansports/ACCESSORIES/DIGITAL",
T17C-9XV,"Jansports/DIGITAL NEW,Jansports/ACCESSORIES/DIGITAL",
T17C-1F3,"Jansports/DIGITAL NEW,Jansports/ACCESSORIES/DIGITAL",
T17C-5KS,"Jansports/DIGITAL NEW,Jansports/ACCESSORIES/DIGITAL",
T17C-9RW,"Jansports/DIGITAL NEW,Jansports/ACCESSORIES/DIGITAL",
T17C-1G4,"Jansports/DIGITAL NEW,Jansports/ACCESSORIES/DIGITAL",
T17C-1E5,"Jansports/DIGITAL NEW,Jansports/ACCESSORIES/DIGITAL",
T12G-9PC,"Jansports/DIGITAL NEW,Jansports/ACCESSORIES/DIGITAL",
T12G-212,"Jansports/DIGITAL NEW,Jansports/ACCESSORIES/DIGITAL",
T12G-6XJ,"Jansports/DIGITAL NEW,Jansports/ACCESSORIES/DIGITAL",
T12G-7PB,"Jansports/DIGITAL NEW,Jansports/ACCESSORIES/DIGITAL",
T27A-9PC,"Jansports/DIGITAL NEW,Jansports/ACCESSORIES/DIGITAL",
T27A-ZY1,"Jansports/DIGITAL NEW,Jansports/ACCESSORIES/DIGITAL",
T27A-212,"Jansports/DIGITAL NEW,Jansports/ACCESSORIES/DIGITAL",
T27A-ZM0,"Jansports/DIGITAL NEW,Jansports/ACCESSORIES/DIGITAL",
T27A-6XJ,"Jansports/DIGITAL NEW,Jansports/ACCESSORIES/DIGITAL",
T12J-6XJ,"Jansports/DIGITAL NEW,Jansports/ACCESSORIES/DIGITAL",
JS00T69J-0WJ,Jansports/ACCESSORIES,
JS00T69J-0LM,Jansports/ACCESSORIES,
JS00T69J-0TR,Jansports/ACCESSORIES,
JS00T69J-0LN,Jansports/ACCESSORIES,
JS00T69J-0FF,Jansports/ACCESSORIES,
JS00T69J-0U3,Jansports/ACCESSORIES,
JS00T14F-008,"Jansports/MOCHILAS,Jansports/MOCHILAS PARA LAPTOP",
JS00T14F-0UT,"Jansports/MOCHILAS,Jansports/MOCHILAS PARA LAPTOP",
JS00T14F-0UY,"Jansports/MOCHILAS,Jansports/MOCHILAS PARA LAPTOP",
JS00T14F-0XN,"Jansports/MOCHILAS,Jansports/MOCHILAS PARA LAPTOP",
T26L-9ER,"Jansports/MOCHILAS,Jansports/MOCHILAS PARA LAPTOP",
T26L-008,"Jansports/MOCHILAS,Jansports/MOCHILAS PARA LAPTOP",
T26L-8WG,"Jansports/MOCHILAS,Jansports/MOCHILAS PARA LAPTOP",
T26L-9RX,"Jansports/MOCHILAS,Jansports/MOCHILAS PARA LAPTOP",
T26L-9RS,"Jansports/MOCHILAS,Jansports/MOCHILAS PARA LAPTOP",
T71A-9ZG,"Jansports/MOCHILAS,Jansports/MOCHILAS PARA LAPTOP",
JS00T71A-008,"Jansports/MOCHILAS,Jansports/MOCHILAS PARA LAPTOP",
JS00T71A-0JR,"Jansports/MOCHILAS,Jansports/MOCHILAS PARA LAPTOP",
T71A-9SA,"Jansports/MOCHILAS,Jansports/MOCHILAS PARA LAPTOP",
T71A-ZU3,"Jansports/MOCHILAS,Jansports/MOCHILAS PARA LAPTOP",
JS00T71A-6XD,"Jansports/MOCHILAS,Jansports/MOCHILAS PARA LAPTOP",
JS00T71A-0KL,"Jansports/MOCHILAS,Jansports/MOCHILAS PARA LAPTOP",
JS00T71A-0KP,"Jansports/MOCHILAS,Jansports/MOCHILAS PARA LAPTOP",
JS00T71A-0N9,"Jansports/MOCHILAS,Jansports/MOCHILAS PARA LAPTOP",
JS00T71A-0E2,"Jansports/MOCHILAS,Jansports/MOCHILAS PARA LAPTOP",
JS00T71A-0VZ,"Jansports/MOCHILAS,Jansports/MOCHILAS PARA LAPTOP",
JS00T71A-9ZH,"Jansports/MOCHILAS,Jansports/MOCHILAS PARA LAPTOP",
JS00T71A-9FL,"Jansports/MOCHILAS,Jansports/MOCHILAS PARA LAPTOP",
JS00T71A-0WT,"Jansports/MOCHILAS,Jansports/MOCHILAS PARA LAPTOP",
T49A-9RX,Jansports/ACCESSORIES,
T49A-9RW,Jansports/ACCESSORIES,
T49A-1U1,Jansports/ACCESSORIES,
JS0A2T3B-0JB,"Jansports/MOCHILAS,Jansports/MOCHILAS PARA LAPTOP",
JS0A2T3B-0J8,"Jansports/MOCHILAS,Jansports/MOCHILAS PARA LAPTOP",
JS0A2T3B-0P0,"Jansports/MOCHILAS,Jansports/MOCHILAS PARA LAPTOP",
T50A-9ZG,Jansports/MOCHILAS,
T50A-008,Jansports/MOCHILAS,
T50A-9W1,Jansports/MOCHILAS,
T50A-2C9,Jansports/MOCHILAS,
T50A-ZB6,Jansports/MOCHILAS,
T50A-ZB3,Jansports/MOCHILAS,
T50A-8WU,Jansports/MOCHILAS,
JS0A2T3D-0NR,"Jansports/DIGITAL NEW,Jansports/ACCESSORIES",
JS0A2T3D-6XD,"Jansports/DIGITAL NEW,Jansports/ACCESSORIES",
JS0A2T3D-0KT,"Jansports/DIGITAL NEW,Jansports/ACCESSORIES",
JS0A2T3D-0KL,"Jansports/DIGITAL NEW,Jansports/ACCESSORIES",
JS0A2T3D-0E2,"Jansports/DIGITAL NEW,Jansports/ACCESSORIES",
JS0A2T3D-0MV,"Jansports/DIGITAL NEW,Jansports/ACCESSORIES",
JS00TDN7-0DH,Jansports/MOCHILAS,
JS00TDN7-9ZG,Jansports/MOCHILAS,
JS00TDN7-0JJ,Jansports/MOCHILAS,
JS00TDN7-0WT,Jansports/MOCHILAS,
TDN7-ZN6,Jansports/MOCHILAS,
JS00TDN7-008,Jansports/MOCHILAS,
JS00TDN7-0KM,Jansports/MOCHILAS,
JS00TDN7-0A8,Jansports/MOCHILAS,
TDN7-0AA,Jansports/MOCHILAS,
TDN7-1F3,Jansports/MOCHILAS,
JS00TDN7-0JR,Jansports/MOCHILAS,
JS00TDN7-01F,Jansports/MOCHILAS,
JS00TDN7-5CS,Jansports/MOCHILAS,
JS00TDN7-0DR,Jansports/MOCHILAS,
TDN7-ZT8,Jansports/MOCHILAS,
TDN7-09Z,Jansports/MOCHILAS,
TDN7-ZM4,Jansports/MOCHILAS,
JS00TDN7-8WG,Jansports/MOCHILAS,
JS00TDN7-01B,Jansports/MOCHILAS,
JS00TDN7-ZU3,Jansports/MOCHILAS,
JS00TDN7-0EF,Jansports/MOCHILAS,
JS00TDN7-04W,Jansports/MOCHILAS,
TDN7-9RX,Jansports/MOCHILAS,
JS00TDN7-6XD,Jansports/MOCHILAS,
JS00TDN7-0WS,Jansports/MOCHILAS,
TDN7-1D3,Jansports/MOCHILAS,
JS00TDN7-0BE,Jansports/MOCHILAS,
TDN7-ZE6,Jansports/MOCHILAS,
JS00TDN7-5KS,Jansports/MOCHILAS,
JS00TDN7-0K6,Jansports/MOCHILAS,
JS00TDN7-0AK,Jansports/MOCHILAS,
TDN7-0AP,Jansports/MOCHILAS,
JS00TDN7-0KH,Jansports/MOCHILAS,
JS00TDN7-09V,Jansports/MOCHILAS,
JS00TDN7-0XJ,Jansports/MOCHILAS,
JS00TDN7-0KL,Jansports/MOCHILAS,
JS00TDN7-0JE,Jansports/MOCHILAS,
JS00TDN7-09Y,Jansports/MOCHILAS,
JS00TDN7-0UE,Jansports/MOCHILAS,
JS00TDN7-0KP,Jansports/MOCHILAS,
JS00TDN7-0VT,Jansports/MOCHILAS,
JS00TDN7-0DQ,Jansports/MOCHILAS,
JS00TDN7-0WR,Jansports/MOCHILAS,
JS00TDN7-0JL,Jansports/MOCHILAS,
JS00TDN7-0X1,Jansports/MOCHILAS,
JS00TDN7-0E2,Jansports/MOCHILAS,
JS00TDN7-0AC,Jansports/MOCHILAS,
JS00TDN7-0JP,Jansports/MOCHILAS,
JS00TDN7-0DU,Jansports/MOCHILAS,
TDN7-0AG,Jansports/MOCHILAS,
JS00TDN7-0JS,Jansports/MOCHILAS,
JS00TDN7-0WZ,Jansports/MOCHILAS,
JS00TDN7-0UG,Jansports/MOCHILAS,
JS00TDN7-0KN,Jansports/MOCHILAS,
JS00TDN7-0E9,Jansports/MOCHILAS,
JS00TDN7-0JW,Jansports/MOCHILAS,
JS00TDN7-0EM,Jansports/MOCHILAS,
JS00TDN7-0KJ,Jansports/MOCHILAS,
JS00TDN7-0L2,Jansports/MOCHILAS,
JS00TDN7-003,Jansports/MOCHILAS,
JS00TDN7-0VQ,Jansports/MOCHILAS,
JS00T75K-0NZ,Jansports/MOCHILAS,
JS00T75K-1J0,Jansports/MOCHILAS,
JS00T75K-02D,Jansports/MOCHILAS,
JS00T75K-0N1,Jansports/MOCHILAS,
JS00T75K-0EL,Jansports/MOCHILAS,
JS00T75K-0CX,Jansports/MOCHILAS,
JS00T75K-0FZ,Jansports/MOCHILAS,
TDN7-1W6,Jansports/MOCHILAS,
JS00TDN7-0DG,Jansports/MOCHILAS,
JS00TDN7-5XP,Jansports/MOCHILAS,
TDN7-06F,Jansports/MOCHILAS,
JS00TDN7-0N0,Jansports/MOCHILAS,
JS00TDN7-0D6,Jansports/MOCHILAS,
JS00TDN7-0K4,Jansports/MOCHILAS,
JS00TDN7-0VN,Jansports/MOCHILAS,
JS00TDN7-01H,Jansports/MOCHILAS,
JS00TDN7-0D5,Jansports/MOCHILAS,
JS00TDN7-0P7,Jansports/MOCHILAS,
TDN7-9FL,Jansports/MOCHILAS,
TDN7-2C8,Jansports/MOCHILAS,
"T29N -9ZG","Jansports/MOCHILAS,Jansports/MOCHILAS PARA LAPTOP",
TWK8-1Y9,Jansports/MOCHILAS,
JS00T60G-0JH,Jansports/MOCHILAS,
JS00T60G-0KG,Jansports/MOCHILAS,
JS00T60G-01F,Jansports/MOCHILAS,
JS00TWK8-0DC,Jansports/MOCHILAS,
JS00T60G-04T,Jansports/MOCHILAS,
JS00T60G-05W,Jansports/MOCHILAS,
JS00TWK8-0F3,Jansports/MOCHILAS,
T60G-01B,Jansports/MOCHILAS,
JS00T60G-0B1,Jansports/MOCHILAS,
T60G-02A,Jansports/MOCHILAS,
JS00T60G-6XD,Jansports/MOCHILAS,
JS00T60G-0HH,Jansports/MOCHILAS,
JS00T60G-0E4,Jansports/MOCHILAS,
JS00T60G-0WW,Jansports/MOCHILAS,
JS00T60G-0VJ,Jansports/MOCHILAS,
JS00T60G-0WF,Jansports/MOCHILAS,
JS00T60G-0E1,Jansports/MOCHILAS,
JS00TWK8-0HC,Jansports/MOCHILAS,
JS00TWK8-0HG,Jansports/MOCHILAS,
JS00TWK8-0D6,Jansports/MOCHILAS,
T75H-0AY,Jansports/MOCHILAS,
T75H-09Q,Jansports/MOCHILAS,
T75H-09L,Jansports/MOCHILAS,
T75H-0B0,Jansports/MOCHILAS,
JS00TWK8-0DE,Jansports/MOCHILAS,
JS00TWK8-0D5,Jansports/MOCHILAS,
JS00TWK8-05F,Jansports/MOCHILAS,
JS00T60G-05B,Jansports/MOCHILAS,
JS00T60G-WHX,Jansports/MOCHILAS,
JS00T68S-008,"Jansports/MOCHILAS,Jansports/MOCHILAS PARA LAPTOP",
JS00T29A-1K2,"Jansports/MOCHILAS,Jansports/MOCHILAS PARA LAPTOP",
JS00T29A-0DH,"Jansports/MOCHILAS,Jansports/MOCHILAS PARA LAPTOP",
JS00T29A-008,"Jansports/MOCHILAS,Jansports/MOCHILAS PARA LAPTOP",
JS00T29A-0VK,"Jansports/MOCHILAS,Jansports/MOCHILAS PARA LAPTOP",
JS00T29A-04W,"Jansports/MOCHILAS,Jansports/MOCHILAS PARA LAPTOP",
JS00T29A-1Q4,"Jansports/MOCHILAS,Jansports/MOCHILAS PARA LAPTOP",
JS00T29A-5KS,"Jansports/MOCHILAS,Jansports/MOCHILAS PARA LAPTOP",
JS00T29A-0FZ,"Jansports/MOCHILAS,Jansports/MOCHILAS PARA LAPTOP",
T29A-0AN,"Jansports/MOCHILAS,Jansports/MOCHILAS PARA LAPTOP",
JS00T29A-0VZ,"Jansports/MOCHILAS,Jansports/MOCHILAS PARA LAPTOP",
JS00T29A-003,"Jansports/MOCHILAS,Jansports/MOCHILAS PARA LAPTOP",
JS00T29A-ZR6,"Jansports/MOCHILAS,Jansports/MOCHILAS PARA LAPTOP",
JS00T29A-0D6,"Jansports/MOCHILAS,Jansports/MOCHILAS PARA LAPTOP",
JS00T29A-0K4,"Jansports/MOCHILAS,Jansports/MOCHILAS PARA LAPTOP",
JS00T29A-01H,"Jansports/MOCHILAS,Jansports/MOCHILAS PARA LAPTOP",
JS00T29A-9FL,"Jansports/MOCHILAS,Jansports/MOCHILAS PARA LAPTOP",
JS0A2SDD-008,"Jansports/MOCHILAS,Jansports/MOCHILAS PARA LAPTOP",
JS0A2SDD-6XD,"Jansports/MOCHILAS,Jansports/MOCHILAS PARA LAPTOP",
JS0A2SDD-0KL,"Jansports/MOCHILAS,Jansports/MOCHILAS PARA LAPTOP",
JS0A2SDD-0E9,"Jansports/MOCHILAS,Jansports/MOCHILAS PARA LAPTOP",
JS0A2SDD-0D9,"Jansports/MOCHILAS,Jansports/MOCHILAS PARA LAPTOP",
JS0A2SDD-003,"Jansports/MOCHILAS,Jansports/MOCHILAS PARA LAPTOP",
JS0A2SDD-9FL,"Jansports/MOCHILAS,Jansports/MOCHILAS PARA LAPTOP",
T52R-9ZI,"Jansports/MOCHILAS,Jansports/MOCHILAS PARA LAPTOP",
T52R-008,"Jansports/MOCHILAS,Jansports/MOCHILAS PARA LAPTOP",
T52R-ZD7,"Jansports/MOCHILAS,Jansports/MOCHILAS PARA LAPTOP",
T52R-9RW,"Jansports/MOCHILAS,Jansports/MOCHILAS PARA LAPTOP",
JS00T52R-003,"Jansports/MOCHILAS,Jansports/MOCHILAS PARA LAPTOP",
T52R-ZK8,"Jansports/MOCHILAS,Jansports/MOCHILAS PARA LAPTOP",
T52R-1Q1,"Jansports/MOCHILAS,Jansports/MOCHILAS PARA LAPTOP",
JS00T52R-0XT,"Jansports/MOCHILAS,Jansports/MOCHILAS PARA LAPTOP",
T52R-ZK1,"Jansports/MOCHILAS,Jansports/MOCHILAS PARA LAPTOP",
T08T-9ZI,Jansports/MOCHILAS,
T08T-1J6,Jansports/MOCHILAS,
T08T-1V5,Jansports/MOCHILAS,
TZP5-7TN,"Jansports/MOCHILAS,Jansports/MOCHILAS PARA LAPTOP",
T50F-9ZG,"Jansports/MOCHILAS,Jansports/MOCHILAS PARA LAPTOP",
JS00T50F-008,"Jansports/MOCHILAS,Jansports/MOCHILAS PARA LAPTOP",
JS00T50F-7TS,"Jansports/MOCHILAS,Jansports/MOCHILAS PARA LAPTOP",
T50F-0AA,"Jansports/MOCHILAS,Jansports/MOCHILAS PARA LAPTOP",
JS00T50F-09L,"Jansports/MOCHILAS,Jansports/MOCHILAS PARA LAPTOP",
T50F-5CS,"Jansports/MOCHILAS,Jansports/MOCHILAS PARA LAPTOP",
JS00T50F-05W,"Jansports/MOCHILAS,Jansports/MOCHILAS PARA LAPTOP",
JS00T50F-0JB,"Jansports/MOCHILAS,Jansports/MOCHILAS PARA LAPTOP",
JS00T50F-0NR,"Jansports/MOCHILAS,Jansports/MOCHILAS PARA LAPTOP",
JS00T50F-01B,"Jansports/MOCHILAS,Jansports/MOCHILAS PARA LAPTOP",
JS00T50F-0ED,"Jansports/MOCHILAS,Jansports/MOCHILAS PARA LAPTOP",
T50F-9RX,"Jansports/MOCHILAS,Jansports/MOCHILAS PARA LAPTOP",
T50F-ZG8,"Jansports/MOCHILAS,Jansports/MOCHILAS PARA LAPTOP",
JS00T50F-9ZE,"Jansports/MOCHILAS,Jansports/MOCHILAS PARA LAPTOP",
JS00T50F-04G,"Jansports/MOCHILAS,Jansports/MOCHILAS PARA LAPTOP",
T50F-0AP,"Jansports/MOCHILAS,Jansports/MOCHILAS PARA LAPTOP",
JS00T50F-0KH,"Jansports/MOCHILAS,Jansports/MOCHILAS PARA LAPTOP",
JS00T50F-0KW,"Jansports/MOCHILAS,Jansports/MOCHILAS PARA LAPTOP",
JS00T50F-0WH,"Jansports/MOCHILAS,Jansports/MOCHILAS PARA LAPTOP",
JS00T50F-0DQ,"Jansports/MOCHILAS,Jansports/MOCHILAS PARA LAPTOP",
T50F-04J,"Jansports/MOCHILAS,Jansports/MOCHILAS PARA LAPTOP",
JS00T50F-0WV,"Jansports/MOCHILAS,Jansports/MOCHILAS PARA LAPTOP",
JS00T50F-0J8,"Jansports/MOCHILAS,Jansports/MOCHILAS PARA LAPTOP",
T50F-06F,"Jansports/MOCHILAS,Jansports/MOCHILAS PARA LAPTOP",
JS00T50F-0NK,"Jansports/MOCHILAS,Jansports/MOCHILAS PARA LAPTOP",
JS00T50F-01H,"Jansports/MOCHILAS,Jansports/MOCHILAS PARA LAPTOP",
T50F-2C8,"Jansports/MOCHILAS,Jansports/MOCHILAS PARA LAPTOP",
JS00T50F-0GT,"Jansports/MOCHILAS,Jansports/MOCHILAS PARA LAPTOP",
T19W-9ZI,"Jansports/MOCHILAS,Jansports/MOCHILAS PARA LAPTOP",
JS00T69D-8WV,"Jansports/MOCHILAS,Jansports/MOCHILAS PARA LAPTOP",
T69D-0A8,"Jansports/MOCHILAS,Jansports/MOCHILAS PARA LAPTOP",
JS00T69D-0V8,"Jansports/MOCHILAS,Jansports/MOCHILAS PARA LAPTOP",
T69D-5CS,"Jansports/MOCHILAS,Jansports/MOCHILAS PARA LAPTOP",
JS00T69D-0JB,"Jansports/MOCHILAS,Jansports/MOCHILAS PARA LAPTOP",
JS00T69D-0NR,"Jansports/MOCHILAS,Jansports/MOCHILAS PARA LAPTOP",
T19W-9RX,"Jansports/MOCHILAS,Jansports/MOCHILAS PARA LAPTOP",
JS00T69D-6XD,"Jansports/MOCHILAS,Jansports/MOCHILAS PARA LAPTOP",
JS00T69D-0J9,"Jansports/MOCHILAS,Jansports/MOCHILAS PARA LAPTOP",
JS00T69D-0J8,"Jansports/MOCHILAS,Jansports/MOCHILAS PARA LAPTOP",
JS00T69D-04G,"Jansports/MOCHILAS,Jansports/MOCHILAS PARA LAPTOP",
T69D-0AP,"Jansports/MOCHILAS,Jansports/MOCHILAS PARA LAPTOP",
T19W-ZE3,"Jansports/MOCHILAS,Jansports/MOCHILAS PARA LAPTOP",
JS00T69D-0KH,"Jansports/MOCHILAS,Jansports/MOCHILAS PARA LAPTOP",
T69D-09V,"Jansports/MOCHILAS,Jansports/MOCHILAS PARA LAPTOP",
T69D-0A1,"Jansports/MOCHILAS,Jansports/MOCHILAS PARA LAPTOP",
JS00T69D-0WH,"Jansports/MOCHILAS,Jansports/MOCHILAS PARA LAPTOP",
JS00T69D-0V6,"Jansports/MOCHILAS,Jansports/MOCHILAS PARA LAPTOP",
T69D-0B5,"Jansports/MOCHILAS,Jansports/MOCHILAS PARA LAPTOP",
JS00T69D-0FZ,"Jansports/MOCHILAS,Jansports/MOCHILAS PARA LAPTOP",
JS00T69D-0E2,"Jansports/MOCHILAS,Jansports/MOCHILAS PARA LAPTOP",
JS00T69D-0MV,"Jansports/MOCHILAS,Jansports/MOCHILAS PARA LAPTOP",
JS00T69D-0WV,"Jansports/MOCHILAS,Jansports/MOCHILAS PARA LAPTOP",
JS00T69D-0N0,"Jansports/MOCHILAS,Jansports/MOCHILAS PARA LAPTOP",
T69D-ZK1,"Jansports/MOCHILAS,Jansports/MOCHILAS PARA LAPTOP",
JS00T69D-0P5,"Jansports/MOCHILAS,Jansports/MOCHILAS PARA LAPTOP",
JS00T69D-05B,"Jansports/MOCHILAS,Jansports/MOCHILAS PARA LAPTOP",
T69F-ZS3,"Jansports/DIGITAL NEW,Jansports/ACCESSORIES/DIGITAL",
T69F-0AR,"Jansports/DIGITAL NEW,Jansports/ACCESSORIES/DIGITAL",
T69F-0CZ,"Jansports/DIGITAL NEW,Jansports/ACCESSORIES/DIGITAL",
JS00TN89-008,"Jansports/MOCHILAS,Jansports/MOCHILAS CON RUEDAS,Jansports/MOCHILAS PARA LAPTOP",
JS00TN89-0JB,"Jansports/MOCHILAS,Jansports/MOCHILAS CON RUEDAS,Jansports/MOCHILAS PARA LAPTOP",
JS00TN89-0JE,"Jansports/MOCHILAS,Jansports/MOCHILAS CON RUEDAS,Jansports/MOCHILAS PARA LAPTOP",
JS00TN89-0WH,"Jansports/MOCHILAS,Jansports/MOCHILAS CON RUEDAS,Jansports/MOCHILAS PARA LAPTOP",
JS00TN89-0E2,"Jansports/MOCHILAS,Jansports/MOCHILAS CON RUEDAS,Jansports/MOCHILAS PARA LAPTOP",
JS00TN89-0MV,"Jansports/MOCHILAS,Jansports/MOCHILAS CON RUEDAS,Jansports/MOCHILAS PARA LAPTOP",
JS00TN89-003,"Jansports/MOCHILAS,Jansports/MOCHILAS CON RUEDAS,Jansports/MOCHILAS PARA LAPTOP",
JS00TN89-0VQ,"Jansports/MOCHILAS,Jansports/MOCHILAS CON RUEDAS,Jansports/MOCHILAS PARA LAPTOP",
JS00TN89-0N0,"Jansports/MOCHILAS,Jansports/MOCHILAS CON RUEDAS,Jansports/MOCHILAS PARA LAPTOP",
JS00TN89-0NK,"Jansports/MOCHILAS,Jansports/MOCHILAS CON RUEDAS,Jansports/MOCHILAS PARA LAPTOP",
JS00TN89-9FL,"Jansports/MOCHILAS,Jansports/MOCHILAS CON RUEDAS,Jansports/MOCHILAS PARA LAPTOP",
TN89-01W,"Jansports/MOCHILAS,Jansports/MOCHILAS CON RUEDAS,Jansports/MOCHILAS PARA LAPTOP",
TN89-0A8,"Jansports/MOCHILAS,Jansports/MOCHILAS CON RUEDAS,Jansports/MOCHILAS PARA LAPTOP",
TN89-0AP,"Jansports/MOCHILAS,Jansports/MOCHILAS CON RUEDAS,Jansports/MOCHILAS PARA LAPTOP",
TZU9-008,Jansports/BOLSOS,
TZU9-9FA,Jansports/BOLSOS,
TZU9-9HY,Jansports/BOLSOS,
TZU9-9MM,Jansports/BOLSOS,
TZV8-9MK,Jansports/BOLSOS,
JS00T45G-008,"Jansports/MOCHILAS,Jansports/MOCHILAS PARA LAPTOP",
T45G-5CS,"Jansports/MOCHILAS,Jansports/MOCHILAS PARA LAPTOP",
JS00T45G-6XD,"Jansports/MOCHILAS,Jansports/MOCHILAS PARA LAPTOP",
JS00T45G-0KJ,"Jansports/MOCHILAS,Jansports/MOCHILAS PARA LAPTOP",
JS00T45G-0BE,"Jansports/MOCHILAS,Jansports/MOCHILAS PARA LAPTOP",
T45G-0A1,"Jansports/MOCHILAS,Jansports/MOCHILAS PARA LAPTOP",
JS00T45G-0E2,"Jansports/MOCHILAS,Jansports/MOCHILAS PARA LAPTOP",
JS00T45G-9FL,"Jansports/MOCHILAS,Jansports/MOCHILAS PARA LAPTOP",
JS00TAN1-0X1,Jansports/ACCESSORIES,
TAN1-9ZG,Jansports/ACCESSORIES,
JS00TAN1-008,Jansports/ACCESSORIES,
JS00TAN1-06Q,Jansports/ACCESSORIES,
JS00TAN1-01F,Jansports/ACCESSORIES,
JS00TAN1-01B,Jansports/ACCESSORIES,
JS00TAN1-0EG,Jansports/ACCESSORIES,
TAN1-9RX,Jansports/ACCESSORIES,
TAN1-ZE6,Jansports/ACCESSORIES,
TAN1-2D5,Jansports/ACCESSORIES,
TAN1-09V,Jansports/ACCESSORIES,
JS00TAN1-0KL,Jansports/ACCESSORIES,
TAN1-09Y,Jansports/ACCESSORIES,
JS00TAN1-0A1,Jansports/ACCESSORIES,
JS00TAN1-0WH,Jansports/ACCESSORIES,
JS00TAN1-0DQ,Jansports/ACCESSORIES,
JS00TAN1-0WR,Jansports/ACCESSORIES,
JS00TAN1-0MV,Jansports/ACCESSORIES,
JS00TAN1-0UG,Jansports/ACCESSORIES,
JS00TAN1-0KN,Jansports/ACCESSORIES,
JS00TAN1-0E9,Jansports/ACCESSORIES,
JS00TAN1-0EM,Jansports/ACCESSORIES,
JS00TAN1-003,Jansports/ACCESSORIES,
JS00TAN1-0N0,Jansports/ACCESSORIES,
T06V-008,"Jansports/MOCHILAS,Jansports/MOCHILAS PARA LAPTOP",
T52M-ZY6,"Jansports/MOCHILAS,Jansports/MOCHILAS PARA LAPTOP",
T52M-ZY7,"Jansports/MOCHILAS,Jansports/MOCHILAS PARA LAPTOP",
JS00TDH6-9ZG,"Jansports/MOCHILAS,Jansports/ACCESSORIES",
JS00TDH6-0JJ,"Jansports/MOCHILAS,Jansport/ACCESORIOS",
JS00TDH6-008,"Jansports/MOCHILAS,Jansport/ACCESORIOS",
JS00TDH6-8WG,"Jansports/MOCHILAS,Jansport/ACCESORIOS",
TDH6-9RX,"Jansports/MOCHILAS,Jansport/ACCESORIOS",
JS00TDH6-0XJ,"Jansports/MOCHILAS,Jansport/ACCESORIOS",
JS00TDH6-0KL,"Jansports/MOCHILAS,Jansport/ACCESORIOS",
TDH6-09Y,"Jansports/MOCHILAS,Jansport/ACCESORIOS",
JS00TDH6-0UE,"Jansports/MOCHILAS,Jansport/ACCESORIOS",
JS00TDH6-0KN,"Jansports/MOCHILAS,Jansport/ACCESORIOS",
JS00TDH6-0D6,"Jansports/MOCHILAS,Jansport/ACCESORIOS",
JS00TDH6-01H,"Jansports/MOCHILAS,Jansport/ACCESORIOS",
JS00TDH6-05B,"Jansports/MOCHILAS,Jansport/ACCESORIOS",
TDH6-2C8,"Jansports/MOCHILAS,Jansport/ACCESORIOS",
JS00T52S-008,"Jansports/MOCHILAS,Jansports/MOCHILAS PARA LAPTOP",
JS00T52S-0BL,"Jansports/MOCHILAS,Jansports/MOCHILAS PARA LAPTOP",
T52S-9RV,"Jansports/MOCHILAS,Jansports/MOCHILAS PARA LAPTOP",
JS00T52S-0UY,"Jansports/MOCHILAS,Jansports/MOCHILAS PARA LAPTOP",
JS00T52S-6XJ,"Jansports/MOCHILAS,Jansports/MOCHILAS PARA LAPTOP",
T52S-04Z,"Jansports/MOCHILAS,Jansports/MOCHILAS PARA LAPTOP",
JS00T52S-0WW,"Jansports/MOCHILAS,Jansports/MOCHILAS PARA LAPTOP",
JS00T52S-0WF,"Jansports/MOCHILAS,Jansports/MOCHILAS PARA LAPTOP",
JS00TRS7-0AW,Jansports/MOCHILAS,
TRS7-7PA,Jansports/MOCHILAS,
JS00TRS7-0DN,Jansports/MOCHILAS,
JS00TRS7-0EB,Jansports/MOCHILAS,
JS00T64U-03W,Jansports/MOCHILAS,
JS00TRS7-0DM,Jansports/MOCHILAS,
JS00TRS7-0AR,Jansports/MOCHILAS,
JS00TRS7-212,Jansports/MOCHILAS,
JS00T75J-0JB,Jansports/MOCHILAS,
JS00TRS7-0J1,Jansports/MOCHILAS,
JS00T75J-0J8,Jansports/MOCHILAS,
JS00T75J-0NE,Jansports/MOCHILAS,
JS00TRS7-0EN,Jansports/MOCHILAS,
JS00TRS7-0KA,Jansports/MOCHILAS,
JS00TRS7-0E6,Jansports/MOCHILAS,
JS00TRS7-0GM,Jansports/MOCHILAS,
JS00TRS7-ZU5,Jansports/MOCHILAS,
JS00TRS7-0BV,Jansports/MOCHILAS,
JS00TRS7-0W3,Jansports/MOCHILAS,
JS00TRS7-0W1,Jansports/MOCHILAS,
JS00TRS7-0LV,Jansports/MOCHILAS,
JS00TRS7-0FU,Jansports/MOCHILAS,
JS00TRS7-0KB,Jansports/MOCHILAS,
JS00TRS7-0J0,Jansports/MOCHILAS,
JS00T75J-0N0,Jansports/MOCHILAS,
JS00T64U-0NY,Jansports/MOCHILAS,
JS00TRS7-0HY,Jansports/MOCHILAS,
JS0A2SDF-0UQ,Jansports/ACCESSORIES,
JS0A2SDF-0WJ,Jansports/ACCESSORIES,
JS0A2SDF-0LM,Jansports/ACCESSORIES,
JS0A2SDF-0TR,Jansports/ACCESSORIES,
JS0A2SDF-0FD,Jansports/ACCESSORIES,
JS0A2SDF-0FF,Jansports/ACCESSORIES,
JS0A2SDF-0U3,Jansports/ACCESSORIES,
JS0A2SDF-0GG,Jansports/ACCESSORIES,
JS0A2SDF-0LP,Jansports/ACCESSORIES,
T29G-008,Jansports/MOCHILAS,
T29G-9RU,Jansports/MOCHILAS,
T29G-2C8,Jansports/MOCHILAS,
T29G-ZB3,Jansports/MOCHILAS,
JS00T13Y-008,"Jansports/MOCHILAS,Jansports/MOCHILAS PARA LAPTOP",
JS00T13Y-0U2,"Jansports/MOCHILAS,Jansports/MOCHILAS PARA LAPTOP",
T13Y-9RU,"Jansports/MOCHILAS,Jansports/MOCHILAS PARA LAPTOP",
JS00T13Y-0LR,"Jansports/MOCHILAS,Jansports/MOCHILAS PARA LAPTOP",
T13Y-9ZE,"Jansports/MOCHILAS,Jansports/MOCHILAS PARA LAPTOP",
JS00T13Y-0FD,"Jansports/MOCHILAS,Jansports/MOCHILAS PARA LAPTOP",
JS00T13Y-0TV,"Jansports/MOCHILAS,Jansports/MOCHILAS PARA LAPTOP",
JS00T13Y-0L1,"Jansports/MOCHILAS,Jansports/MOCHILAS PARA LAPTOP",
JS00T13Y-0J5,"Jansports/MOCHILAS,Jansports/MOCHILAS PARA LAPTOP",
JS00T13Y-0ZJ,"Jansports/MOCHILAS,Jansports/MOCHILAS PARA LAPTOP",
JS00T13Y-0KE,"Jansports/MOCHILAS,Jansports/MOCHILAS PARA LAPTOP",
JS0A2T3F-008,"Jansports/MOCHILAS,Jansports/MOCHILAS PARA LAPTOP",
JS0A2T3F-0WH,"Jansports/MOCHILAS,Jansports/MOCHILAS PARA LAPTOP",
JS0A2T3F-0WV,"Jansports/MOCHILAS,Jansports/MOCHILAS PARA LAPTOP",
JS0A2T3F-9RS,"Jansports/MOCHILAS,Jansports/MOCHILAS PARA LAPTOP",
JS0A2SDJ-0WJ,"Jansports/MOCHILAS,Jansports/MOCHILAS PARA LAPTOP",
JS0A2SDJ-0FX,"Jansports/MOCHILAS,Jansports/MOCHILAS PARA LAPTOP",
T45D-008,"Jansports/MOCHILAS,Jansports/MOCHILAS PARA LAPTOP",
T45D-01V,"Jansports/MOCHILAS,Jansports/MOCHILAS PARA LAPTOP",
T45D-ZG8,"Jansports/MOCHILAS,Jansports/MOCHILAS PARA LAPTOP",
JS00T49C-0UE,"Jansports/DIGITAL NEW,Jansports/ACCESSORIES",
JS00T49C-008,"Jansports/DIGITAL NEW,Jansports/ACCESSORIES",
JS00T49C-01B,"Jansports/DIGITAL NEW,Jansports/ACCESSORIES",
JS00T49C-0KN,"Jansports/DIGITAL NEW,Jansports/ACCESSORIES",
JS00T49C-0VQ,"Jansports/DIGITAL NEW,Jansports/ACCESSORIES",
T49B-008,Jansports/ACCESSORIES,
T49B-9RX,Jansports/ACCESSORIES,
T49B-1U1,Jansports/ACCESSORIES,
T49B-9RW,Jansports/ACCESSORIES,
JS00T49B-0J8,Jansports/ACCESSORIES,
JS00T49B-01H,Jansports/ACCESSORIES,
JS00T49B-0E2,Jansports/ACCESSORIES,
T49B-1W6,Jansports/ACCESSORIES,
JS00T54R-008,"Jansports/MOCHILAS,Jansports/MOCHILAS PARA LAPTOP",
JS00T54R-0N2,"Jansports/MOCHILAS,Jansports/MOCHILAS PARA LAPTOP",
JS00T54R-0KL,"Jansports/MOCHILAS,Jansports/MOCHILAS PARA LAPTOP",
T54R-0A1,"Jansports/MOCHILAS,Jansports/MOCHILAS PARA LAPTOP",
JS00T54R-0WH,"Jansports/MOCHILAS,Jansports/MOCHILAS PARA LAPTOP",
JS00T54R-9RS,"Jansports/MOCHILAS,Jansports/MOCHILAS PARA LAPTOP",
JS00T54R-01H,"Jansports/MOCHILAS,Jansports/MOCHILAS PARA LAPTOP",
T54R-2C8,"Jansports/MOCHILAS,Jansports/MOCHILAS PARA LAPTOP",
JS0A2T39-008,"Jansports/MOCHILAS,Jansports/MOCHILAS PARA LAPTOP",
JS0A2T39-0J9,"Jansports/MOCHILAS,Jansports/MOCHILAS PARA LAPTOP",
JS0A2T39-0P0,"Jansports/MOCHILAS,Jansports/MOCHILAS PARA LAPTOP",
JS0A2T39-9RS,"Jansports/MOCHILAS,Jansports/MOCHILAS PARA LAPTOP",
JS00T08W-0MS,Jansports/MOCHILAS,
JS00T08W-0NT,Jansports/MOCHILAS,
JS00T08W-1J0,Jansports/MOCHILAS,
JS00T08W-0MT,Jansports/MOCHILAS,
JS00T08W-0EL,Jansports/MOCHILAS,
JS00T08W-0CS,Jansports/MOCHILAS,
JS00T08W-0CU,Jansports/MOCHILAS,
JS00T08W-0GJ,Jansports/MOCHILAS,
JS00T08W-0XJ,Jansports/MOCHILAS,
JS00T08W-0FZ,Jansports/MOCHILAS,
JS00T08W-0MV,Jansports/MOCHILAS,
JS00T08W-0UG,Jansports/MOCHILAS,
JS00T08W-0D9,Jansports/MOCHILAS,
JS00T08W-0MU,Jansports/MOCHILAS,
JS00T08W-0CT,Jansports/MOCHILAS,
JS00T68X-0ED,Jansports/ACCESSORIES,
JS00T68X-0DQ,Jansports/ACCESSORIES,
JS00T68X-0DU,Jansports/ACCESSORIES,
JS00T55B-008,"Jansports/MOCHILAS,Jansports/MOCHILAS PARA LAPTOP",
JS00T55B-0TC,"Jansports/MOCHILAS,Jansports/MOCHILAS PARA LAPTOP",
JS00T55B-9ZE,"Jansports/MOCHILAS,Jansports/MOCHILAS PARA LAPTOP",
JS00T55B-0N2,"Jansports/MOCHILAS,Jansports/MOCHILAS PARA LAPTOP",
JS00T55B-003,"Jansports/MOCHILAS,Jansports/MOCHILAS PARA LAPTOP",
T38U-1Z2,Jansports/MOCHILAS,
T38U-1Z3,Jansports/MOCHILAS,
JS00T70F-008,"Jansports/MOCHILAS,Jansports/MOCHILAS PARA LAPTOP",
JS00T70F-0F3,"Jansports/MOCHILAS,Jansports/MOCHILAS PARA LAPTOP",
JS00T70F-0FX,"Jansports/MOCHILAS,Jansports/MOCHILAS PARA LAPTOP",
JS00T70F-9ZE,"Jansports/MOCHILAS,Jansports/MOCHILAS PARA LAPTOP",
JS00T70F-05D,"Jansports/MOCHILAS,Jansports/MOCHILAS PARA LAPTOP",
JS00T70F-9ZH,"Jansports/MOCHILAS,Jansports/MOCHILAS PARA LAPTOP",
JS00T70F-0H4,"Jansports/MOCHILAS,Jansports/MOCHILAS PARA LAPTOP",
JS00T70F-9FL,"Jansports/MOCHILAS,Jansports/MOCHILAS PARA LAPTOP",
TYP7-9ZG,"Jansports/MOCHILAS,Jansports/MOCHILAS PARA LAPTOP",
JS00TYP7-2D6,"Jansports/MOCHILAS,Jansports/MOCHILAS PARA LAPTOP",
TYP7-1P7,"Jansports/MOCHILAS,Jansports/MOCHILAS PARA LAPTOP",
TYP7-9ZI,"Jansports/MOCHILAS,Jansports/MOCHILAS PARA LAPTOP",
JS00TYP7-008,"Jansports/MOCHILAS,Jansports/MOCHILAS PARA LAPTOP",
JS00TYP7-01F,"Jansports/MOCHILAS,Jansports/MOCHILAS PARA LAPTOP",
JS00TYP7-04T,"Jansports/MOCHILAS,Jansports/MOCHILAS PARA LAPTOP",
JS00TYP7-05C,"Jansports/MOCHILAS,Jansports/MOCHILAS PARA LAPTOP",
JS00TYP7-0F3,"Jansports/MOCHILAS,Jansports/MOCHILAS PARA LAPTOP",
JS00T58T-0U2,"Jansports/MOCHILAS,Jansports/MOCHILAS PARA LAPTOP",
JS00T58T-0SR,"Jansports/MOCHILAS,Jansports/MOCHILAS PARA LAPTOP",
TYP7-9RU,"Jansports/MOCHILAS,Jansports/MOCHILAS PARA LAPTOP",
JS00TZR6-0FM,"Jansports/MOCHILAS,Jansports/MOCHILAS PARA LAPTOP",
TZR6-1W3,"Jansports/MOCHILAS,Jansports/MOCHILAS PARA LAPTOP",
JS00TZR6-0WJ,"Jansports/MOCHILAS,Jansports/MOCHILAS PARA LAPTOP",
TZR6-1Y0,"Jansports/MOCHILAS,Jansports/MOCHILAS PARA LAPTOP",
JS00TZR6-0B4,"Jansports/MOCHILAS,Jansports/MOCHILAS PARA LAPTOP",
JS00TZR6-0GP,"Jansports/MOCHILAS,Jansports/MOCHILAS PARA LAPTOP",
JS00TZR6-0VH,"Jansports/MOCHILAS,Jansports/MOCHILAS PARA LAPTOP",
JS00TZR6-0VE,"Jansports/MOCHILAS,Jansports/MOCHILAS PARA LAPTOP",
JS00TZR6-0FD,"Jansports/MOCHILAS,Jansports/MOCHILAS PARA LAPTOP",
JS00TZR6-0J2,"Jansports/MOCHILAS,Jansports/MOCHILAS PARA LAPTOP",
JS00TZR6-03E,"Jansports/MOCHILAS,Jansports/MOCHILAS PARA LAPTOP",
JS00TZR6-0TV,"Jansports/MOCHILAS,Jansports/MOCHILAS PARA LAPTOP",
JS00TZR6-0U3,"Jansports/MOCHILAS,Jansports/MOCHILAS PARA LAPTOP",
TZR6-1Y1,"Jansports/MOCHILAS,Jansports/MOCHILAS PARA LAPTOP",
JS00TZR6-0ER,"Jansports/MOCHILAS,Jansports/MOCHILAS PARA LAPTOP",
JS00TZR6-0JN,"Jansports/MOCHILAS,Jansports/MOCHILAS PARA LAPTOP",
JS00TZR6-0U7,"Jansports/MOCHILAS,Jansports/MOCHILAS PARA LAPTOP",
JS00TZR6-0TT,"Jansports/MOCHILAS,Jansports/MOCHILAS PARA LAPTOP",
TZR6-ZS8,"Jansports/MOCHILAS,Jansports/MOCHILAS PARA LAPTOP",
TYP7-04X,"Jansports/MOCHILAS,Jansports/MOCHILAS PARA LAPTOP",
JS00TYP7-0FX,"Jansports/MOCHILAS,Jansports/MOCHILAS PARA LAPTOP",
TYP7-5CN,"Jansports/MOCHILAS,Jansports/MOCHILAS PARA LAPTOP",
TYP7-9ZE,"Jansports/MOCHILAS,Jansports/MOCHILAS PARA LAPTOP",
JS00TYP7-5KS,"Jansports/MOCHILAS,Jansports/MOCHILAS PARA LAPTOP",
TYP7-01G,"Jansports/MOCHILAS,Jansports/MOCHILAS PARA LAPTOP",
JS00TYP7-05D,"Jansports/MOCHILAS,Jansports/MOCHILAS PARA LAPTOP",
JS00TYP7-003,"Jansports/MOCHILAS,Jansports/MOCHILAS PARA LAPTOP",
TYP7-01E,"Jansports/MOCHILAS,Jansports/MOCHILAS PARA LAPTOP",
JS00TYP7-0H4,"Jansports/MOCHILAS,Jansports/MOCHILAS PARA LAPTOP",
JS00TYP7-04S,"Jansports/MOCHILAS,Jansports/MOCHILAS PARA LAPTOP",
JS00TYP7-0HG,"Jansports/MOCHILAS,Jansports/MOCHILAS PARA LAPTOP",
JS00TYP7-0D6,"Jansports/MOCHILAS,Jansports/MOCHILAS PARA LAPTOP",
TYP7-01H,"Jansports/MOCHILAS,Jansports/MOCHILAS PARA LAPTOP",
JS0A2SDB-0P4,"Jansports/MOCHILAS,Jansports/MOCHILAS PARA LAPTOP",
JS00TYP7-0D5,"Jansports/MOCHILAS,Jansports/MOCHILAS PARA LAPTOP",
TYP7-9FL,"Jansports/MOCHILAS,Jansports/MOCHILAS PARA LAPTOP",
TYP7-2C8,"Jansports/MOCHILAS,Jansports/MOCHILAS PARA LAPTOP",
T49Z-ZB5,"Jansports/MOCHILAS,Jansports/MOCHILAS PARA LAPTOP",
T49Z-ZL1,"Jansports/MOCHILAS,Jansports/MOCHILAS PARA LAPTOP",
T49Z-ZB6,"Jansports/MOCHILAS,Jansports/MOCHILAS PARA LAPTOP",
T49Z-ZB4,"Jansports/MOCHILAS,Jansports/MOCHILAS PARA LAPTOP",
T49Z-ZB3,"Jansports/MOCHILAS,Jansports/MOCHILAS PARA LAPTOP",
TYP7-7MM,"Jansports/MOCHILAS,Jansports/MOCHILAS PARA LAPTOP",
JS00TYP7-0RB,"Jansports/MOCHILAS,Jansports/MOCHILAS PARA LAPTOP",
JS0A2T3C-008,"Jansports/DIGITAL NEW,Jansports/ACCESSORIES",
JS0A2T3C-0U2,"Jansports/DIGITAL NEW,Jansports/ACCESSORIES",
JS0A2T3C-0VE,"Jansports/DIGITAL NEW,Jansports/ACCESSORIES",
JS0A2T3C-0U3,"Jansports/DIGITAL NEW,Jansports/ACCESSORIES",
JS0A2T3C-0D6,"Jansports/DIGITAL NEW,Jansports/ACCESSORIES",
JS00T34J-1X3,Jansports/MOCHILAS,
JS00T34J-0BD,Jansports/MOCHILAS,
T34J-5CS,Jansports/MOCHILAS,
T34J-6XJ,Jansports/MOCHILAS,
T34J-9FC,Jansports/MOCHILAS,
T35V-5CS,Jansports/MOCHILAS,
T35V-6XJ,Jansports/MOCHILAS,
T35V-9FC,Jansports/MOCHILAS,
T26U-1G2,"Jansports/DIGITAL NEW",
T26U-1F3,"Jansports/DIGITAL NEW",
T26U-9XV,"Jansports/DIGITAL NEW",
T26U-1E5,"Jansports/DIGITAL NEW",
T30S-1F3,"Jansports/DIGITAL NEW",
T30S-9XV,"Jansports/DIGITAL NEW",
T30S-1E5,"Jansports/DIGITAL NEW",
T30S-1G2,"Jansports/DIGITAL NEW",
TZA2-9RW,Jansports/MOCHILAS,
TZA2-1H8,Jansports/MOCHILAS,
T27B-1G2,"Jansports/DIGITAL NEW,Jansports/ACCESSORIES/DIGITAL",
T27B-1F3,"Jansports/DIGITAL NEW,Jansports/ACCESSORIES/DIGITAL",
T27B-9XV,"Jansports/DIGITAL NEW,Jansports/ACCESSORIES/DIGITAL",
T27B-ZM4,"Jansports/DIGITAL NEW,Jansports/ACCESSORIES/DIGITAL",
T27B-9RW,"Jansports/DIGITAL NEW,Jansports/ACCESSORIES/DIGITAL",
T27B-1E5,"Jansports/DIGITAL NEW,Jansports/ACCESSORIES/DIGITAL",
JS00T55A-008,"Jansports/MOCHILAS,Jansports/MOCHILAS PARA LAPTOP",
JS00T55A-0N2,"Jansports/MOCHILAS,Jansports/MOCHILAS PARA LAPTOP",
JS00TDH7-008,Jansports/MOCHILAS,
JS00TDH7-01F,Jansports/MOCHILAS,
JS00TDH7-8WG,Jansports/MOCHILAS,
JS00TDH7-01B,Jansports/MOCHILAS,
JS00TDH7-6XD,Jansports/MOCHILAS,
TDH7-0AA,Jansports/MOCHILAS,
JS00TDH7-9RW,Jansports/MOCHILAS,
JS00TDH7-0XJ,Jansports/MOCHILAS,
JS00TDH7-0KL,Jansports/MOCHILAS,
JS00TDH7-0VT,Jansports/MOCHILAS,
JS00TDH7-0X1,Jansports/MOCHILAS,
JS00TDH7-0JP,Jansports/MOCHILAS,
JS00TDH7-0UG,Jansports/MOCHILAS,
JS00TDH7-0KN,Jansports/MOCHILAS,
JS00TDH7-0EM,Jansports/MOCHILAS,
TDH7-003,Jansports/MOCHILAS,
JS00TDH7-0K4,Jansports/MOCHILAS,
JS00T64Q-0F8,Jansports/MOCHILAS,
JS00T64Q-0FP,Jansports/MOCHILAS,
JS0A2SDR-0UQ,Jansports/MOCHILAS,
T64Q-02S,Jansports/MOCHILAS,
JS00TVP8-0LM,Jansports/MOCHILAS,
TVP8-03G,Jansports/MOCHILAS,
JS0A2SDR-0TR,Jansports/MOCHILAS,
JS00T64Q-0LF,Jansports/MOCHILAS,
JS00TVP8-0LN,Jansports/MOCHILAS,
JS00TVP8-0YT,Jansports/MOCHILAS,
JS00T64Q-0LQ,Jansports/MOCHILAS,
JS00T64Q-0FF,Jansports/MOCHILAS,
TVP8-04P,Jansports/MOCHILAS,
JS00TVP8-0GG,Jansports/MOCHILAS,
JS00TVP8-0GH,Jansports/MOCHILAS,
JS0A2SDR-0VY,Jansports/MOCHILAS,
JS00TVP8-0LP,Jansports/MOCHILAS,
JS00TVP8-0KZ,Jansports/MOCHILAS,
JS00T501-0DH,Jansports/MOCHILAS,
JS00T501-0DQ,Jansports/MOCHILAS,
T501-9ZG,Jansports/MOCHILAS,
JS00T501-0JJ,Jansports/MOCHILAS,
JS00T501-0WT,Jansports/MOCHILAS,
T501-ZN6,Jansports/MOCHILAS,
JS00T501-0JT,Jansports/MOCHILAS,
T501-1Y9,Jansports/MOCHILAS,
JS00T501-008,Jansports/MOCHILAS,
JS00T501-0KM,Jansports/MOCHILAS,
JS00T501-09Z,Jansports/MOCHILAS,
JS00T501-0AA,Jansports/MOCHILAS,
JS00T501-0JR,Jansports/MOCHILAS,
T501-06N,Jansports/MOCHILAS,
JS00T501-0LC,Jansports/MOCHILAS,
JS00T501-06Q,Jansports/MOCHILAS,
JS00T501-0EK,Jansports/MOCHILAS,
JS00T501-01F,Jansports/MOCHILAS,
T501-5CS,Jansports/MOCHILAS,
JS00T501-0DR,Jansports/MOCHILAS,
T501-9SA,Jansports/MOCHILAS,
JS00T501-01B,Jansports/MOCHILAS,
JS00T501-0EG,Jansports/MOCHILAS,
JS00T501-0ED,Jansports/MOCHILAS,
JS00T501-ZU3,Jansports/MOCHILAS,
JS00T501-0EF,Jansports/MOCHILAS,
JS00T501-04W,Jansports/MOCHILAS,
JS00T501-1Q4,Jansports/MOCHILAS,
JS00T501-9RX,Jansports/MOCHILAS,
T501-6XD,Jansports/MOCHILAS,
JS00T501-0WS,Jansports/MOCHILAS,
JS00T501-0BE,Jansports/MOCHILAS,
T501-0A5,Jansports/MOCHILAS,
JS00T501-0K6,Jansports/MOCHILAS,
T501-9RW,Jansports/MOCHILAS,
JS00T501-0KH,Jansports/MOCHILAS,
T501-0BF,Jansports/MOCHILAS,
JS00T501-ZQ1,Jansports/MOCHILAS,
JS00T501-0GB,Jansports/MOCHILAS,
JS00T501-0KQ,Jansports/MOCHILAS,
JS00T501-0K8,Jansports/MOCHILAS,
JS00T501-0DY,Jansports/MOCHILAS,
JS00T501-0KL,Jansports/MOCHILAS,
JS00T501-0WA,Jansports/MOCHILAS,
JS00T501-0JE,Jansports/MOCHILAS,
JS00T501-0JF,Jansports/MOCHILAS,
JS00T501-0W0,Jansports/MOCHILAS,
T501-0A0,Jansports/MOCHILAS,
JS00T501-0UE,Jansports/MOCHILAS,
JS00T501-0KP,Jansports/MOCHILAS,
JS00T501-0VT,Jansports/MOCHILAS,
JS00T501-0A1,Jansports/MOCHILAS,
JS00T501-0WR,Jansports/MOCHILAS,
JS00T501-0B5,Jansports/MOCHILAS,
JS00T501-0JL,Jansports/MOCHILAS,
JS00T501-0JM,Jansports/MOCHILAS,
JS00T501-0X1,Jansports/MOCHILAS,
JS00T501-0E2,Jansports/MOCHILAS,
T501-ZJ5,Jansports/MOCHILAS,
JS00T501-0JP,Jansports/MOCHILAS,
JS00T501-0AC,Jansports/MOCHILAS,
JS00T501-0DU,Jansports/MOCHILAS,
JS00T501-0AF,Jansports/MOCHILAS,
T501-0AG,Jansports/MOCHILAS,
JS00T501-0EJ,Jansports/MOCHILAS,
T501-0AD,Jansports/MOCHILAS,
JS00T501-0JS,Jansports/MOCHILAS,
JS00T501-0WZ,Jansports/MOCHILAS,
JS00T501-0KN,Jansports/MOCHILAS,
JS00T501-0VW,Jansports/MOCHILAS,
JS00T501-0E9,Jansports/MOCHILAS,
JS00T501-0JU,Jansports/MOCHILAS,
JS00T501-0JV,Jansports/MOCHILAS,
JS00T501-0JW,Jansports/MOCHILAS,
JS00T501-0JX,Jansports/MOCHILAS,
JS00T501-0EM,Jansports/MOCHILAS,
JS00T501-0JY,Jansports/MOCHILAS,
JS00T501-0AN,Jansports/MOCHILAS,
JS00T501-0L2,Jansports/MOCHILAS,
JS00T501-0VZ,Jansports/MOCHILAS,
JS00T501-0KJ,Jansports/MOCHILAS,
JS00T501-003,Jansports/MOCHILAS,
JS00T501-0DS,Jansports/MOCHILAS,
JS00T501-0VQ,Jansports/MOCHILAS,
JS00T501-0DG,Jansports/MOCHILAS,
T501-09P,Jansports/MOCHILAS,
JS00T501-5XP,Jansports/MOCHILAS,
JS00T501-0N0,Jansports/MOCHILAS,
JS00T501-0D6,Jansports/MOCHILAS,
JS00T501-0K4,Jansports/MOCHILAS,
JS00T501-0VN,Jansports/MOCHILAS,
JS00T501-0K7,Jansports/MOCHILAS,
JS00T501-01H,Jansports/MOCHILAS,
T501-9FG,Jansports/MOCHILAS,
JS00T501-0D5,Jansports/MOCHILAS,
JS00T501-0P7,Jansports/MOCHILAS,
JS00T501-9FL,Jansports/MOCHILAS,
JS00T501-05B,Jansports/MOCHILAS,
T501-2C8,Jansports/MOCHILAS,
T501-WHX,Jansports/MOCHILAS,
T501-1S4,Jansports/MOCHILAS,
JS00T501-7MM,Jansports/MOCHILAS,
JS00T501-06B,Jansports/MOCHILAS,
JS00T54S-008,"Jansports/MOCHILAS,Jansports/MOCHILAS PARA LAPTOP",
T26Q-5SM,"Jansports/MOCHILAS,Jansports/MOCHILAS PARA LAPTOP",
T26Q-6XJ,"Jansports/MOCHILAS,Jansports/MOCHILAS PARA LAPTOP",
T26Q-9FL,"Jansports/MOCHILAS,Jansports/MOCHILAS PARA LAPTOP",
T08U-9ZI,Jansports/ACCESSORIES,
T08U-1J6,Jansports/ACCESSORIES,
JS00THE9-0JJ,"Jansports/MOCHILAS,Jansports/MOCHILAS CON RUEDAS,Jansports/MOCHILAS PARA LAPTOP",
THE9-008,"Jansports/MOCHILAS,Jansports/MOCHILAS CON RUEDAS,Jansports/MOCHILAS PARA LAPTOP",
THE9-9QC,"Jansports/MOCHILAS,Jansports/MOCHILAS CON RUEDAS,Jansports/MOCHILAS PARA LAPTOP",
THE9-ZD9,"Jansports/MOCHILAS,Jansports/MOCHILAS CON RUEDAS,Jansports/MOCHILAS PARA LAPTOP",
THE9-ZT8,"Jansports/MOCHILAS,Jansports/MOCHILAS CON RUEDAS,Jansports/MOCHILAS PARA LAPTOP",
JS00THE9-01B,"Jansports/MOCHILAS,Jansports/MOCHILAS CON RUEDAS,Jansports/MOCHILAS PARA LAPTOP",
JS00THE9-0ED,"Jansports/MOCHILAS,Jansports/MOCHILAS CON RUEDAS,Jansports/MOCHILAS PARA LAPTOP",
THE9-ZY9,"Jansports/MOCHILAS,Jansports/MOCHILAS CON RUEDAS,Jansports/MOCHILAS PARA LAPTOP",
THE9-0A5,"Jansports/MOCHILAS,Jansports/MOCHILAS CON RUEDAS,Jansports/MOCHILAS PARA LAPTOP",
JS00THE9-0KL,"Jansports/MOCHILAS,Jansports/MOCHILAS CON RUEDAS,Jansports/MOCHILAS PARA LAPTOP",
JS00THE9-0UE,"Jansports/MOCHILAS,Jansports/MOCHILAS CON RUEDAS,Jansports/MOCHILAS PARA LAPTOP",
THE9-ZF6,"Jansports/MOCHILAS,Jansports/MOCHILAS CON RUEDAS,Jansports/MOCHILAS PARA LAPTOP",
JS00THE9-0DU,"Jansports/MOCHILAS,Jansports/MOCHILAS CON RUEDAS,Jansports/MOCHILAS PARA LAPTOP",
JS00THE9-0UG,"Jansports/MOCHILAS,Jansports/MOCHILAS CON RUEDAS,Jansports/MOCHILAS PARA LAPTOP",
JS00THE9-0JW,"Jansports/MOCHILAS,Jansports/MOCHILAS CON RUEDAS,Jansports/MOCHILAS PARA LAPTOP",
THE9-0AN,"Jansports/MOCHILAS,Jansports/MOCHILAS CON RUEDAS,Jansports/MOCHILAS PARA LAPTOP",
THE9-003,"Jansports/MOCHILAS,Jansports/MOCHILAS CON RUEDAS,Jansports/MOCHILAS PARA LAPTOP",
THE9-9QX,"Jansports/MOCHILAS,Jansports/MOCHILAS CON RUEDAS,Jansports/MOCHILAS PARA LAPTOP",
THE9-9HY,"Jansports/MOCHILAS,Jansports/MOCHILAS CON RUEDAS,Jansports/MOCHILAS PARA LAPTOP",
JS0A2T3A-0JB,"Jansports/MOCHILAS,Jansports/MOCHILAS PARA LAPTOP",
JS0A2T3A-0J8,"Jansports/MOCHILAS,Jansports/MOCHILAS PARA LAPTOP",
JS0A2T3A-0D6,"Jansports/MOCHILAS,Jansports/MOCHILAS PARA LAPTOP",
T26Z,"Jansports/DIGITAL NEW,Jansports/ACCESSORIES/DIGITAL",
T17E,"Jansports/DIGITAL NEW,Jansports/ACCESSORIES/DIGITAL",
T17D,"Jansports/DIGITAL NEW,Jansports/ACCESSORIES/DIGITAL",
T12H,"Jansports/DIGITAL NEW,Jansports/ACCESSORIES/DIGITAL",
T17C,"Jansports/DIGITAL NEW,Jansports/ACCESSORIES/DIGITAL",
T12G,"Jansports/DIGITAL NEW,Jansports/ACCESSORIES/DIGITAL",
T27A,"Jansports/DIGITAL NEW,Jansports/ACCESSORIES/DIGITAL",
T12J,"Jansports/DIGITAL NEW,Jansports/ACCESSORIES/DIGITAL",
JS00T69J,Jansports/ACCESSORIES,
JS00T14F,"Jansports/MOCHILAS,Jansports/MOCHILAS PARA LAPTOP",
T26L,"Jansports/MOCHILAS,Jansports/MOCHILAS PARA LAPTOP",
JS00T71A,"Jansports/MOCHILAS,Jansports/MOCHILAS PARA LAPTOP",
T49A,Jansports/ACCESSORIES,
JS0A2T3B,"Jansports/MOCHILAS,Jansports/MOCHILAS PARA LAPTOP","Product Type is invalid or not supported"
T50A,Jansports/MOCHILAS,
JS0A2T3D,"Jansports/DIGITAL NEW,Jansports/ACCESSORIES",
JS00TDN7,Jansports/MOCHILAS,
JS00T75K,Jansports/MOCHILAS,
JS00T60G,Jansports/MOCHILAS,
T75H,Jansports/MOCHILAS,
JS00T68S,"Jansports/MOCHILAS,Jansports/MOCHILAS PARA LAPTOP","Product Type is invalid or not supported"
JS00T29A,"Jansports/MOCHILAS,Jansports/MOCHILAS PARA LAPTOP","Product Type is invalid or not supported"
JS0A2SDD,"Jansports/MOCHILAS,Jansports/MOCHILAS PARA LAPTOP","Product Type is invalid or not supported"
JS00T52R,"Jansports/MOCHILAS,Jansports/MOCHILAS PARA LAPTOP","Product Type is invalid or not supported"
T08T,Jansports/MOCHILAS,"Product Type is invalid or not supported"
TZP5,"Jansports/MOCHILAS,Jansports/MOCHILAS PARA LAPTOP","Product Type is invalid or not supported"
JS00T50F,"Jansports/MOCHILAS,Jansports/MOCHILAS PARA LAPTOP","Product Type is invalid or not supported"
JS00T69D,"Jansports/MOCHILAS,Jansports/MOCHILAS PARA LAPTOP","Product Type is invalid or not supported"
T69F,Jansports/ACCESSORIES,"Product Type is invalid or not supported"
JS00TN89,"Jansports/MOCHILAS,Jansports/MOCHILAS CON RUEDAS,Jansports/MOCHILAS PARA LAPTOP","Product Type is invalid or not supported"
TZU9,Jansports/BOLSOS,"Product Type is invalid or not supported"
JS00T45G,"Jansports/MOCHILAS,Jansports/MOCHILAS PARA LAPTOP","Product Type is invalid or not supported"
JS00TAN1,Jansports/ACCESSORIES,"Product Type is invalid or not supported"
T06V,"Jansports/MOCHILAS,Jansports/MOCHILAS PARA LAPTOP","Product Type is invalid or not supported"
T52M,"Jansports/MOCHILAS,Jansports/MOCHILAS PARA LAPTOP","Product Type is invalid or not supported"
JS00TDH6,Jansports/MOCHILAS,"Product Type is invalid or not supported"
JS00T52S,"Jansports/MOCHILAS,Jansports/MOCHILAS PARA LAPTOP","Product Type is invalid or not supported"
JS00TRS7,Jansports/MOCHILAS,"Product Type is invalid or not supported"
JS0A2SDF,Jansports/ACCESSORIES,"Product Type is invalid or not supported"
T29G,Jansports/MOCHILAS,"Product Type is invalid or not supported"
JS00T13Y,"Jansports/MOCHILAS,Jansports/MOCHILAS PARA LAPTOP","Product Type is invalid or not supported"
JS0A2T3F,"Jansports/MOCHILAS,Jansports/MOCHILAS PARA LAPTOP","Product Type is invalid or not supported"
JS0A2SDJ,"Jansports/MOCHILAS,Jansports/MOCHILAS PARA LAPTOP","Product Type is invalid or not supported"
T45D,"Jansports/MOCHILAS,Jansports/MOCHILAS PARA LAPTOP","Product Type is invalid or not supported"
JS00T49C,Jansports/ACCESSORIES,"Product Type is invalid or not supported"
JS00T49B,Jansports/ACCESSORIES,"Product Type is invalid or not supported"
JS00T54R,"Jansports/MOCHILAS,Jansports/MOCHILAS PARA LAPTOP","Product Type is invalid or not supported"
JS0A2T39,"Jansports/MOCHILAS,Jansports/MOCHILAS PARA LAPTOP","Product Type is invalid or not supported"
JS00T08W,Jansports/MOCHILAS,"Product Type is invalid or not supported"
JS00T68X,Jansports/ACCESSORIES,"Product Type is invalid or not supported"
JS00T55B,"Jansports/MOCHILAS,Jansports/MOCHILAS PARA LAPTOP","Product Type is invalid or not supported"
T38U,Jansports/MOCHILAS,"Product Type is invalid or not supported"
JS00T70F,"Jansports/MOCHILAS,Jansports/MOCHILAS PARA LAPTOP","Product Type is invalid or not supported"
JS00TYP7,"Jansports/MOCHILAS,Jansports/MOCHILAS PARA LAPTOP","Product Type is invalid or not supported"
JS00TZR6,"Jansports/MOCHILAS,Jansports/MOCHILAS PARA LAPTOP","Product Type is invalid or not supported"
T49Z,"Jansports/MOCHILAS,Jansports/MOCHILAS PARA LAPTOP","Product Type is invalid or not supported"
JS0A2T3C,"Jansport/DIGITAL,Jansport/ACCESORIOS","Product Type is invalid or not supported"
JS00T34J,Jansports/MOCHILAS,"Product Type is invalid or not supported"
T35V,Jansports/MOCHILAS,"Product Type is invalid or not supported"
T26U,"Jansport/DIGITAL,Jansport/ACCESORIOS","Product Type is invalid or not supported"
T30S,"Jansport/DIGITAL,Jansport/ACCESORIOS","Product Type is invalid or not supported"
TZA2,Jansports/MOCHILAS,"Product Type is invalid or not supported"
T27B,"Jansport/DIGITAL,Jansport/ACCESORIOS","Product Type is invalid or not supported"
JS00T55A,"Jansports/MOCHILAS,Jansports/MOCHILAS PARA LAPTOP","Product Type is invalid or not supported"
JS00TDH7,Jansports/MOCHILAS,"Product Type is invalid or not supported"
JS00T64Q,Jansports/MOCHILAS,"Product Type is invalid or not supported"
JS00T501,Jansports/MOCHILAS,"Product Type is invalid or not supported"
JS00T54S,"Jansports/MOCHILAS,Jansports/MOCHILAS PARA LAPTOP","Product Type is invalid or not supported"
T26Q,"Jansports/MOCHILAS,Jansports/MOCHILAS PARA LAPTOP","Product Type is invalid or not supported"
T08U,Jansports/ACCESSORIES,"Product Type is invalid or not supported"
JS00THE9,"Jansports/MOCHILAS,Jansports/MOCHILAS CON RUEDAS,Jansports/MOCHILAS PARA LAPTOP","Product Type is invalid or not supported"
JS0A2T3A,"Jansports/MOCHILAS,Jansports/MOCHILAS PARA LAPTOP",
