sku,base_image,small_image,thumbnail_image,swatch_image
T26Z-008,/T26Z_008.jpg,/T26Z_008.jpg,/T26Z_008.jpg,/T26Z_008.jpg
T26Z-1F3,/T26Z_1F3.jpg,/T26Z_1F3.jpg,/T26Z_1F3.jpg,/T26Z_1F3.jpg
T17E-9XV,/T17E_9XV.jpg,/T17E_9XV.jpg,/T17E_9XV.jpg,/T17E_9XV.jpg
T17E-1E5,/T17E_1E5.jpg,/T17E_1E5.jpg,/T17E_1E5.jpg,/T17E_1E5.jpg
T17D-9XV,/T17D_1G2.jpg,/T17D_1G2.jpg,/T17D_1G2.jpg,/T17D_1G2.jpg
T17D-008,/T17D_1F3.jpg,/T17D_1F3.jpg,/T17D_1F3.jpg,/T17D_1F3.jpg
T12H-212,/T12H_212.jpg,/T12H_212.jpg,/T12H_212.jpg,/T12H_212.jpg
T17C-9RW,/T17C_9RW.jpg,/T17C_9RW.jpg,/T17C_9RW.jpg,/T17C_9RW.jpg
T12G-6XJ,/T12G_6XJ.jpg,/T12G_6XJ.jpg,/T12G_6XJ.jpg,/T12G_6XJ.jpg
T27A-9PC,/T27A_9PC.jpg,/T27A_9PC.jpg,/T27A_9PC.jpg,/T27A_9PC.jpg
JS00T69J-0WJ,/JS00T69J_0WJ.jpg,/JS00T69J_0WJ.jpg,/JS00T69J_0WJ.jpg,/JS00T69J_0WJ.jpg
JS00T69J-0LM,/JS00T69J_0LM.jpg,/JS00T69J_0LM.jpg,/JS00T69J_0LM.jpg,/JS00T69J_0LM.jpg
JS00T69J-0LN,/JS00T69J_0LN.jpg,/JS00T69J_0LN.jpg,/JS00T69J_0LN.jpg,/JS00T69J_0LN.jpg
JS00T69J-0FF,/JS00T69J_0FF.jpg,/JS00T69J_0FF.jpg,/JS00T69J_0FF.jpg,/JS00T69J_0FF.jpg
JS00T14F-008,/JS00T14F_008.jpg,/JS00T14F_008.jpg,/JS00T14F_008.jpg,/JS00T14F_008.jpg
JS00T14F-0UT,/JS00T14F_0UT.jpg,/JS00T14F_0UT.jpg,/JS00T14F_0UT.jpg,/JS00T14F_0UT.jpg
JS00T14F-0UY,/JS00T14F_0UY.jpg,/JS00T14F_0UY.jpg,/JS00T14F_0UY.jpg,/JS00T14F_0UY.jpg
JS00T14F-0XN,/JS00T14F_0XN.jpg,/JS00T14F_0XN.jpg,/JS00T14F_0XN.jpg,/JS00T14F_0XN.jpg
T26L-9ER,/T26L_008.jpg,/T26L_008.jpg,/T26L_008.jpg,/T26L_008.jpg
T26L-008,/T26L_9ER.jpg,/T26L_9ER.jpg,/T26L_9ER.jpg,/T26L_9ER.jpg
T26L-8WG,/T26L_8WG.jpg,/T26L_8WG.jpg,/T26L_8WG.jpg,/T26L_8WG.jpg
T26L-9RX,/T26L_9RX.jpg,/T26L_9RX.jpg,/T26L_9RX.jpg,/T26L_9RX.jpg
T26L-9RS,/T26L_9RS.jpg,/T26L_9RS.jpg,/T26L_9RS.jpg,/T26L_9RS.jpg
T71A-9ZG,/T71A_9ZG.jpg,/T71A_9ZG.jpg,/T71A_9ZG.jpg,/T71A_9ZG.jpg
JS00T71A-008,/JS00T71A_008.jpg,/JS00T71A_008.jpg,/JS00T71A_008.jpg,/JS00T71A_008.jpg
JS00T71A-0JR,/JS00T71A_0JR.jpg,/JS00T71A_0JR.jpg,/JS00T71A_0JR.jpg,/JS00T71A_0JR.jpg
T71A-9SA,/T71A_9SA.jpg,/T71A_9SA.jpg,/T71A_9SA.jpg,/T71A_9SA.jpg
T71A-ZU3,/T71A_ZU3.jpg,/T71A_ZU3.jpg,/T71A_ZU3.jpg,/T71A_ZU3.jpg
JS00T71A-6XD,/JS00T71A_6XD.jpg,/JS00T71A_6XD.jpg,/JS00T71A_6XD.jpg,/JS00T71A_6XD.jpg
JS00T71A-0KL,/JS00T71A_0KL.jpg,/JS00T71A_0KL.jpg,/JS00T71A_0KL.jpg,/JS00T71A_0KL.jpg
JS00T71A-0KP,/JS00T71A_0KP.jpg,/JS00T71A_0KP.jpg,/JS00T71A_0KP.jpg,/JS00T71A_0KP.jpg
JS00T71A-0N9,/T71A_0N9.jpg,/T71A_0N9.jpg,/T71A_0N9.jpg,/T71A_0N9.jpg
JS00T71A-0E2,/JS00T71A_0E2.jpg,/JS00T71A_0E2.jpg,/JS00T71A_0E2.jpg,/JS00T71A_0E2.jpg
JS00T71A-0VZ,/JS00T71A_0VZ.jpg,/JS00T71A_0VZ.jpg,/JS00T71A_0VZ.jpg,/JS00T71A_0VZ.jpg
JS00T71A-9ZH,/JS00T71A_9ZH.jpg,/JS00T71A_9ZH.jpg,/JS00T71A_9ZH.jpg,/JS00T71A_9ZH.jpg
JS00T71A-9FL,/JS00T71A_9FL.jpg,/JS00T71A_9FL.jpg,/JS00T71A_9FL.jpg,/JS00T71A_9FL.jpg
JS0A2T3B-0J8,/JS0A2T3B_0J8.jpg,/JS0A2T3B_0J8.jpg,/JS0A2T3B_0J8.jpg,/JS0A2T3B_0J8.jpg
JS0A2T3B-0P0,/JS0A2T3B_0P0.jpg,/JS0A2T3B_0P0.jpg,/JS0A2T3B_0P0.jpg,/JS0A2T3B_0P0.jpg
T50A-9ZG,/T50A_9ZG.jpg,/T50A_9ZG.jpg,/T50A_9ZG.jpg,/T50A_9ZG.jpg
T50A-008,/T50A_008.jpg,/T50A_008.jpg,/T50A_008.jpg,/T50A_008.jpg
T50A-9W1,/T50A_9W1.jpg,/T50A_9W1.jpg,/T50A_9W1.jpg,/T50A_9W1.jpg
T50A-2C9,/T50A_2C9.jpg,/T50A_2C9.jpg,/T50A_2C9.jpg,/T50A_2C9.jpg
T50A-ZB6,/T50A_ZB6.jpg,/T50A_ZB6.jpg,/T50A_ZB6.jpg,/T50A_ZB6.jpg
T50A-ZB3,/T50A_ZB3.jpg,/T50A_ZB3.jpg,/T50A_ZB3.jpg,/T50A_ZB3.jpg
T50A-8WU,/T50A_8WU.jpg,/T50A_8WU.jpg,/T50A_8WU.jpg,/T50A_8WU.jpg
JS0A2T3D-0NR,/JS0A2T3D_0NR.jpg,/JS0A2T3D_0NR.jpg,/JS0A2T3D_0NR.jpg,/JS0A2T3D_0NR.jpg
JS0A2T3D-6XD,/JS0A2T3D_6XD.jpg,/JS0A2T3D_6XD.jpg,/JS0A2T3D_6XD.jpg,/JS0A2T3D_6XD.jpg
JS0A2T3D-0KT,/JS0A2T3D_0KT.jpg,/JS0A2T3D_0KT.jpg,/JS0A2T3D_0KT.jpg,/JS0A2T3D_0KT.jpg
JS0A2T3D-0KL,/JS0A2T3D_0KL.jpg,/JS0A2T3D_0KL.jpg,/JS0A2T3D_0KL.jpg,/JS0A2T3D_0KL.jpg
JS0A2T3D-0E2,/JS0A2T3D_0E2.jpg,/JS0A2T3D_0E2.jpg,/JS0A2T3D_0E2.jpg,/JS0A2T3D_0E2.jpg
JS0A2T3D-0MV,/JS0A2T3D_0MV.jpg,/JS0A2T3D_0MV.jpg,/JS0A2T3D_0MV.jpg,/JS0A2T3D_0MV.jpg
JS00TDN7-0DH,/JS00TDN7_0DH.jpg,/JS00TDN7_0DH.jpg,/JS00TDN7_0DH.jpg,/JS00TDN7_0DH.jpg
JS00TDN7-9ZG,/JS00TDN7_9ZG.jpg,/JS00TDN7_9ZG.jpg,/JS00TDN7_9ZG.jpg,/JS00TDN7_9ZG.jpg
JS00TDN7-0JJ,/JS00TDN7_0JJ.jpg,/JS00TDN7_0JJ.jpg,/JS00TDN7_0JJ.jpg,/JS00TDN7_0JJ.jpg
JS00TDN7-0WT,/JS00TDN7_0WT.jpg,/JS00TDN7_0WT.jpg,/JS00TDN7_0WT.jpg,/JS00TDN7_0WT.jpg
TDN7-ZN6,/TDN7_ZN6.jpg,/TDN7_ZN6.jpg,/TDN7_ZN6.jpg,/TDN7_ZN6.jpg
JS00TDN7-008,/JS00TDN7_008.jpg,/JS00TDN7_008.jpg,/JS00TDN7_008.jpg,/JS00TDN7_008.jpg
JS00TDN7-0KM,/JS00TDN7_0KM.jpg,/JS00TDN7_0KM.jpg,/JS00TDN7_0KM.jpg,/JS00TDN7_0KM.jpg
JS00TDN7-0A8,/TDN7_0A8.jpg,/TDN7_0A8.jpg,/TDN7_0A8.jpg,/TDN7_0A8.jpg
TDN7-0AA,/TDN7_0AA.jpg,/TDN7_0AA.jpg,/TDN7_0AA.jpg,/TDN7_0AA.jpg
JS00TDN7-0JR,/JS00TDN7_0JR.jpg,/JS00TDN7_0JR.jpg,/JS00TDN7_0JR.jpg,/JS00TDN7_0JR.jpg
JS00TDN7-01F,/JS00TDN7_01F.jpg,/JS00TDN7_01F.jpg,/JS00TDN7_01F.jpg,/JS00TDN7_01F.jpg
JS00TDN7-5CS,/JS00TDN7_5CS.jpg,/JS00TDN7_5CS.jpg,/JS00TDN7_5CS.jpg,/JS00TDN7_5CS.jpg
JS00TDN7-0DR,/TDN7_0DR.jpg,/TDN7_0DR.jpg,/TDN7_0DR.jpg,/TDN7_0DR.jpg
TDN7-ZT8,/TDN7_ZT8.jpg,/TDN7_ZT8.jpg,/TDN7_ZT8.jpg,/TDN7_ZT8.jpg
TDN7-09Z,/TDN7_09Z.jpg,/TDN7_09Z.jpg,/TDN7_09Z.jpg,/TDN7_09Z.jpg
TDN7-ZM4,/TDN7_ZM4.jpg,/TDN7_ZM4.jpg,/TDN7_ZM4.jpg,/TDN7_ZM4.jpg
JS00TDN7-01B,/JS00TDN7_01B.jpg,/JS00TDN7_01B.jpg,/JS00TDN7_01B.jpg,/JS00TDN7_01B.jpg
JS00TDN7-ZU3,/JS00TDN7_ZU3.jpg,/JS00TDN7_ZU3.jpg,/JS00TDN7_ZU3.jpg,/JS00TDN7_ZU3.jpg
JS00TDN7-04W,/JS00TDN7_04W.jpg,/JS00TDN7_04W.jpg,/JS00TDN7_04W.jpg,/JS00TDN7_04W.jpg
TDN7-9RX,/TDN7_9RX.jpg,/TDN7_9RX.jpg,/TDN7_9RX.jpg,/TDN7_9RX.jpg
JS00TDN7-6XD,/JS00TDN7_6XD.jpg,/JS00TDN7_6XD.jpg,/JS00TDN7_6XD.jpg,/JS00TDN7_6XD.jpg
JS00TDN7-0WS,/JS00TDN7_0WS.jpg,/JS00TDN7_0WS.jpg,/JS00TDN7_0WS.jpg,/JS00TDN7_0WS.jpg
JS00TDN7-0BE,/JS00TDN7_0BE.jpg,/JS00TDN7_0BE.jpg,/JS00TDN7_0BE.jpg,/JS00TDN7_0BE.jpg
TDN7-ZE6,/TDN7_ZE6.jpg,/TDN7_ZE6.jpg,/TDN7_ZE6.jpg,/TDN7_ZE6.jpg
JS00TDN7-5KS,/TDN7_5KS.jpg,/TDN7_5KS.jpg,/TDN7_5KS.jpg,/TDN7_5KS.jpg
JS00TDN7-0K6,/JS00TDN7_0K6.jpg,/JS00TDN7_0K6.jpg,/JS00TDN7_0K6.jpg,/JS00TDN7_0K6.jpg
JS00TDN7-0AK,/JS00TDN7_0AK.jpg,/JS00TDN7_0AK.jpg,/JS00TDN7_0AK.jpg,/JS00TDN7_0AK.jpg
TDN7-0AP,/TDN7_0AP.jpg,/TDN7_0AP.jpg,/TDN7_0AP.jpg,/TDN7_0AP.jpg
JS00TDN7-0KH,/JS00TDN7_0KH.jpg,/JS00TDN7_0KH.jpg,/JS00TDN7_0KH.jpg,/JS00TDN7_0KH.jpg
JS00TDN7-09V,/TDN7_09V.jpg,/TDN7_09V.jpg,/TDN7_09V.jpg,/TDN7_09V.jpg
JS00TDN7-0XJ,/JS00TDN7_0XJ.jpg,/JS00TDN7_0XJ.jpg,/JS00TDN7_0XJ.jpg,/JS00TDN7_0XJ.jpg
JS00TDN7-0KL,/JS00TDN7_0KL.jpg,/JS00TDN7_0KL.jpg,/JS00TDN7_0KL.jpg,/JS00TDN7_0KL.jpg
JS00TDN7-09Y,/TDN7_09Y.jpg,/TDN7_09Y.jpg,/TDN7_09Y.jpg,/TDN7_09Y.jpg
JS00TDN7-0KP,/JS00TDN7_0KP.jpg,/JS00TDN7_0KP.jpg,/JS00TDN7_0KP.jpg,/JS00TDN7_0KP.jpg
JS00TDN7-0VT,/JS00TDN7_0VT.jpg,/JS00TDN7_0VT.jpg,/JS00TDN7_0VT.jpg,/JS00TDN7_0VT.jpg
JS00TDN7-0DQ,/TDN7_0DQ.jpg,/TDN7_0DQ.jpg,/TDN7_0DQ.jpg,/TDN7_0DQ.jpg
JS00TDN7-0JL,/JS00TDN7_0JL.jpg,/JS00TDN7_0JL.jpg,/JS00TDN7_0JL.jpg,/JS00TDN7_0JL.jpg
JS00TDN7-0X1,/JS00TDN7_0X1.jpg,/JS00TDN7_0X1.jpg,/JS00TDN7_0X1.jpg,/JS00TDN7_0X1.jpg
JS00TDN7-0AC,/TDN7_0AC.jpg,/TDN7_0AC.jpg,/TDN7_0AC.jpg,/TDN7_0AC.jpg
JS00TDN7-0DU,/TDN7_0DU.jpg,/TDN7_0DU.jpg,/TDN7_0DU.jpg,/TDN7_0DU.jpg
TDN7-0AG,/TDN7_0AG.jpg,/TDN7_0AG.jpg,/TDN7_0AG.jpg,/TDN7_0AG.jpg
JS00TDN7-0JS,/JS00TDN7_0JS.jpg,/JS00TDN7_0JS.jpg,/JS00TDN7_0JS.jpg,/JS00TDN7_0JS.jpg
JS00TDN7-0UG,/JS00TDN7_0UG.jpg,/JS00TDN7_0UG.jpg,/JS00TDN7_0UG.jpg,/JS00TDN7_0UG.jpg
JS00TDN7-0KN,/JS00TDN7_0KN.jpg,/JS00TDN7_0KN.jpg,/JS00TDN7_0KN.jpg,/JS00TDN7_0KN.jpg
JS00TDN7-0E9,/TDN7_0E9.jpg,/TDN7_0E9.jpg,/TDN7_0E9.jpg,/TDN7_0E9.jpg
JS00TDN7-0JW,/JS00TDN7_0JW.jpg,/JS00TDN7_0JW.jpg,/JS00TDN7_0JW.jpg,/JS00TDN7_0JW.jpg
JS00TDN7-0L2,/JS00TDN7_0L2.jpg,/JS00TDN7_0L2.jpg,/JS00TDN7_0L2.jpg,/JS00TDN7_0L2.jpg
JS00TDN7-003,/JS00TDN7_003.jpg,/JS00TDN7_003.jpg,/JS00TDN7_003.jpg,/JS00TDN7_003.jpg
JS00T75K-0NZ,/JS00T75K_0NZ.jpg,/JS00T75K_0NZ.jpg,/JS00T75K_0NZ.jpg,/JS00T75K_0NZ.jpg
JS00T75K-1J0,/T75K_1J0.jpg,/T75K_1J0.jpg,/T75K_1J0.jpg,/T75K_1J0.jpg
JS00T75K-02D,/T75K_02D.jpg,/T75K_02D.jpg,/T75K_02D.jpg,/T75K_02D.jpg
JS00T75K-0N1,/JS00T75K_0N1.jpg,/JS00T75K_0N1.jpg,/JS00T75K_0N1.jpg,/JS00T75K_0N1.jpg
JS00T75K-0EL,/T75K_0EL.jpg,/T75K_0EL.jpg,/T75K_0EL.jpg,/T75K_0EL.jpg
JS00T75K-0CX,/T75K_0CX.jpg,/T75K_0CX.jpg,/T75K_0CX.jpg,/T75K_0CX.jpg
JS00T75K-0FZ,/JS00T75K_0FZ.jpg,/JS00T75K_0FZ.jpg,/JS00T75K_0FZ.jpg,/JS00T75K_0FZ.jpg
TDN7-1W6,/TDN7_1W6.jpg,/TDN7_1W6.jpg,/TDN7_1W6.jpg,/TDN7_1W6.jpg
JS00TDN7-0DG,/JS00TDN7_0DG.jpg,/JS00TDN7_0DG.jpg,/JS00TDN7_0DG.jpg,/JS00TDN7_0DG.jpg
JS00TDN7-5XP,/TDN7_5XP.jpg,/TDN7_5XP.jpg,/TDN7_5XP.jpg,/TDN7_5XP.jpg
TDN7-06F,/TDN7_06F.jpg,/TDN7_06F.jpg,/TDN7_06F.jpg,/TDN7_06F.jpg
JS00TDN7-0N0,/JS00TDN7_0N0.jpg,/JS00TDN7_0N0.jpg,/JS00TDN7_0N0.jpg,/JS00TDN7_0N0.jpg
JS00TDN7-0K4,/JS00TDN7_0K4.jpg,/JS00TDN7_0K4.jpg,/JS00TDN7_0K4.jpg,/JS00TDN7_0K4.jpg
JS00TDN7-01H,/JS00TDN7_01H.jpg,/JS00TDN7_01H.jpg,/JS00TDN7_01H.jpg,/JS00TDN7_01H.jpg
JS00TDN7-0P7,/JS00TDN7_0P7.jpg,/JS00TDN7_0P7.jpg,/JS00TDN7_0P7.jpg,/JS00TDN7_0P7.jpg
TDN7-9FL,/TDN7_9FL.jpg,/TDN7_9FL.jpg,/TDN7_9FL.jpg,/TDN7_9FL.jpg
TDN7-2C8,/TDN7_2C8.jpg,/TDN7_2C8.jpg,/TDN7_2C8.jpg,/TDN7_2C8.jpg
JS00T60G-0JH,/JS00T60G_0JH.jpg,/JS00T60G_0JH.jpg,/JS00T60G_0JH.jpg,/JS00T60G_0JH.jpg
JS00T60G-0KG,/JS00T60G_0KG.jpg,/JS00T60G_0KG.jpg,/JS00T60G_0KG.jpg,/JS00T60G_0KG.jpg
JS00T60G-01F,/T60G_01F.jpg,/T60G_01F.jpg,/T60G_01F.jpg,/T60G_01F.jpg
JS00TWK8-0DC,/JS00TWK8_0DC.jpg,/JS00TWK8_0DC.jpg,/JS00TWK8_0DC.jpg,/JS00TWK8_0DC.jpg
JS00T60G-04T,/T60G_04T.jpg,/T60G_04T.jpg,/T60G_04T.jpg,/T60G_04T.jpg
JS00T60G-05W,/T60G_05W.jpg,/T60G_05W.jpg,/T60G_05W.jpg,/T60G_05W.jpg
T60G-01B,/T60G_01B.jpg,/T60G_01B.jpg,/T60G_01B.jpg,/T60G_01B.jpg
JS00T60G-0B1,/T60G_0B1.jpg,/T60G_0B1.jpg,/T60G_0B1.jpg,/T60G_0B1.jpg
T60G-02A,/T60G_02A.jpg,/T60G_02A.jpg,/T60G_02A.jpg,/T60G_02A.jpg
JS00T60G-6XD,/JS00T60G_6XD.jpg,/JS00T60G_6XD.jpg,/JS00T60G_6XD.jpg,/JS00T60G_6XD.jpg
JS00T60G-0HH,/JS00T60G_0HH.jpg,/JS00T60G_0HH.jpg,/JS00T60G_0HH.jpg,/JS00T60G_0HH.jpg
JS00T60G-0E4,/T60G_0E4.jpg,/T60G_0E4.jpg,/T60G_0E4.jpg,/T60G_0E4.jpg
JS00T60G-0WW,/JS00T60G_0WW.jpg,/JS00T60G_0WW.jpg,/JS00T60G_0WW.jpg,/JS00T60G_0WW.jpg
JS00T60G-0WF,/JS00T60G_0WF.jpg,/JS00T60G_0WF.jpg,/JS00T60G_0WF.jpg,/JS00T60G_0WF.jpg
JS00T60G-0E1,/JS00T60G_0E1.jpg,/JS00T60G_0E1.jpg,/JS00T60G_0E1.jpg,/JS00T60G_0E1.jpg
JS00TWK8-0HC,/JS00TWK8_0HC.jpg,/JS00TWK8_0HC.jpg,/JS00TWK8_0HC.jpg,/JS00TWK8_0HC.jpg
JS00TWK8-0D6,/TWK8_0D6.jpg,/TWK8_0D6.jpg,/TWK8_0D6.jpg,/TWK8_0D6.jpg
T75H-0AY,/T75H_0AY.jpg,/T75H_0AY.jpg,/T75H_0AY.jpg,/T75H_0AY.jpg
T75H-09Q,/T75H_09Q.jpg,/T75H_09Q.jpg,/T75H_09Q.jpg,/T75H_09Q.jpg
T75H-09L,/T75H_09L.jpg,/T75H_09L.jpg,/T75H_09L.jpg,/T75H_09L.jpg
T75H-0B0,/T75H_0B0.jpg,/T75H_0B0.jpg,/T75H_0B0.jpg,/T75H_0B0.jpg
JS00TWK8-0DE,/JS00TWK8_0DE.jpg,/JS00TWK8_0DE.jpg,/JS00TWK8_0DE.jpg,/JS00TWK8_0DE.jpg
JS00TWK8-0D5,/TWK8_0D5.jpg,/TWK8_0D5.jpg,/TWK8_0D5.jpg,/TWK8_0D5.jpg
JS00TWK8-05F,/TWK8_05F.jpg,/TWK8_05F.jpg,/TWK8_05F.jpg,/TWK8_05F.jpg
JS00T60G-05B,/T60G_05B.jpg,/T60G_05B.jpg,/T60G_05B.jpg,/T60G_05B.jpg
JS00T60G-WHX,/JS00T60G_WHX.jpg,/JS00T60G_WHX.jpg,/JS00T60G_WHX.jpg,/JS00T60G_WHX.jpg
JS00T68S-008,/JS00T68S_008.jpg,/JS00T68S_008.jpg,/JS00T68S_008.jpg,/JS00T68S_008.jpg
JS00T29A-1K2,/T29A_1K2.jpg,/T29A_1K2.jpg,/T29A_1K2.jpg,/T29A_1K2.jpg
JS00T29A-0DH,/JS00T29A_0DH.jpg,/JS00T29A_0DH.jpg,/JS00T29A_0DH.jpg,/JS00T29A_0DH.jpg
JS00T29A-008,/JS00T29A_008.jpg,/JS00T29A_008.jpg,/JS00T29A_008.jpg,/JS00T29A_008.jpg
JS00T29A-0VK,/JS00T29A_0VK.jpg,/JS00T29A_0VK.jpg,/JS00T29A_0VK.jpg,/JS00T29A_0VK.jpg
JS00T29A-04W,/JS00T29A_04W.jpg,/JS00T29A_04W.jpg,/JS00T29A_04W.jpg,/JS00T29A_04W.jpg
JS00T29A-1Q4,/JS00T29A_1Q4.jpg,/JS00T29A_1Q4.jpg,/JS00T29A_1Q4.jpg,/JS00T29A_1Q4.jpg
JS00T29A-5KS,/T29A_5KS.jpg,/T29A_5KS.jpg,/T29A_5KS.jpg,/T29A_5KS.jpg
JS00T29A-0FZ,/T29A_0FZ.jpg,/T29A_0FZ.jpg,/T29A_0FZ.jpg,/T29A_0FZ.jpg
T29A-0AN,/T29A_0AN.jpg,/T29A_0AN.jpg,/T29A_0AN.jpg,/T29A_0AN.jpg
JS00T29A-003,/JS00T29A_003.jpg,/JS00T29A_003.jpg,/JS00T29A_003.jpg,/JS00T29A_003.jpg
JS00T29A-ZR6,/T29A_ZR6.jpg,/T29A_ZR6.jpg,/T29A_ZR6.jpg,/T29A_ZR6.jpg
JS00T29A-0D6,/JS00T29A_0D6.jpg,/JS00T29A_0D6.jpg,/JS00T29A_0D6.jpg,/JS00T29A_0D6.jpg
JS00T29A-0K4,/JS00T29A_0K4.jpg,/JS00T29A_0K4.jpg,/JS00T29A_0K4.jpg,/JS00T29A_0K4.jpg
JS00T29A-01H,/T29A_01H.jpg,/T29A_01H.jpg,/T29A_01H.jpg,/T29A_01H.jpg
JS00T29A-9FL,/JS00T29A_9FL.jpg,/JS00T29A_9FL.jpg,/JS00T29A_9FL.jpg,/JS00T29A_9FL.jpg
JS0A2SDD-008,/JS0A2SDD_008.jpg,/JS0A2SDD_008.jpg,/JS0A2SDD_008.jpg,/JS0A2SDD_008.jpg
JS0A2SDD-6XD,/JS0A2SDD_6XD.jpg,/JS0A2SDD_6XD.jpg,/JS0A2SDD_6XD.jpg,/JS0A2SDD_6XD.jpg
JS0A2SDD-0KL,/JS0A2SDD_0KL.jpg,/JS0A2SDD_0KL.jpg,/JS0A2SDD_0KL.jpg,/JS0A2SDD_0KL.jpg
JS0A2SDD-0E9,/JS0A2SDD_0E9.jpg,/JS0A2SDD_0E9.jpg,/JS0A2SDD_0E9.jpg,/JS0A2SDD_0E9.jpg
JS0A2SDD-0D9,/JS0A2SDD_0D9.jpg,/JS0A2SDD_0D9.jpg,/JS0A2SDD_0D9.jpg,/JS0A2SDD_0D9.jpg
JS0A2SDD-003,/JS0A2SDD_003.jpg,/JS0A2SDD_003.jpg,/JS0A2SDD_003.jpg,/JS0A2SDD_003.jpg
JS0A2SDD-9FL,/JS0A2SDD_9FL.jpg,/JS0A2SDD_9FL.jpg,/JS0A2SDD_9FL.jpg,/JS0A2SDD_9FL.jpg
T52R-9ZI,/T52R_9ZI.jpg,/T52R_9ZI.jpg,/T52R_9ZI.jpg,/T52R_9ZI.jpg
T52R-008,/T52R_008.jpg,/T52R_008.jpg,/T52R_008.jpg,/T52R_008.jpg
T52R-ZD7,/T52R_ZD7.jpg,/T52R_ZD7.jpg,/T52R_ZD7.jpg,/T52R_ZD7.jpg
T52R-9RW,/T52R_9RW.jpg,/T52R_9RW.jpg,/T52R_9RW.jpg,/T52R_9RW.jpg
JS00T52R-003,/JS00T52R_003.jpg,/JS00T52R_003.jpg,/JS00T52R_003.jpg,/JS00T52R_003.jpg
T52R-ZK8,/T52R_ZK8.jpg,/T52R_ZK8.jpg,/T52R_ZK8.jpg,/T52R_ZK8.jpg
T52R-1Q1,/T52R_1Q1.jpg,/T52R_1Q1.jpg,/T52R_1Q1.jpg,/T52R_1Q1.jpg
JS00T52R-0XT,/JS00T52R_0XT.jpg,/JS00T52R_0XT.jpg,/JS00T52R_0XT.jpg,/JS00T52R_0XT.jpg
T52R-ZK1,/T52R_ZK1.jpg,/T52R_ZK1.jpg,/T52R_ZK1.jpg,/T52R_ZK1.jpg
T50F-9ZG,/T50F_9ZG.jpg,/T50F_9ZG.jpg,/T50F_9ZG.jpg,/T50F_9ZG.jpg
JS00T50F-008,/JS00T50F_008.jpg,/JS00T50F_008.jpg,/JS00T50F_008.jpg,/JS00T50F_008.jpg
JS00T50F-7TS,/JS00T50F_7TS.jpg,/JS00T50F_7TS.jpg,/JS00T50F_7TS.jpg,/JS00T50F_7TS.jpg
T50F-0AA,/T50F_0AA.jpg,/T50F_0AA.jpg,/T50F_0AA.jpg,/T50F_0AA.jpg
JS00T50F-09L,/JS00T50F_09L.jpg,/JS00T50F_09L.jpg,/JS00T50F_09L.jpg,/JS00T50F_09L.jpg
T50F-5CS,/T50F_5CS.jpg,/T50F_5CS.jpg,/T50F_5CS.jpg,/T50F_5CS.jpg
JS00T50F-05W,/JS00T50F_05W.jpg,/JS00T50F_05W.jpg,/JS00T50F_05W.jpg,/JS00T50F_05W.jpg
JS00T50F-0JB,/JS00T50F_0JB.jpg,/JS00T50F_0JB.jpg,/JS00T50F_0JB.jpg,/JS00T50F_0JB.jpg
JS00T50F-0NR,/JS00T50F_0NR.jpg,/JS00T50F_0NR.jpg,/JS00T50F_0NR.jpg,/JS00T50F_0NR.jpg
JS00T50F-01B,/JS00T50F_01B.jpg,/JS00T50F_01B.jpg,/JS00T50F_01B.jpg,/JS00T50F_01B.jpg
T50F-9RX,/T50F_9RX.jpg,/T50F_9RX.jpg,/T50F_9RX.jpg,/T50F_9RX.jpg
T50F-ZG8,/T50F_ZG8.jpg,/T50F_ZG8.jpg,/T50F_ZG8.jpg,/T50F_ZG8.jpg
JS00T50F-9ZE,/JS00T50F_9ZE.jpg,/JS00T50F_9ZE.jpg,/JS00T50F_9ZE.jpg,/JS00T50F_9ZE.jpg
JS00T50F-04G,/JS00T50F_04G.jpg,/JS00T50F_04G.jpg,/JS00T50F_04G.jpg,/JS00T50F_04G.jpg
T50F-0AP,/T50F_0AP.jpg,/T50F_0AP.jpg,/T50F_0AP.jpg,/T50F_0AP.jpg
JS00T50F-0KH,/JS00T50F_0KH.jpg,/JS00T50F_0KH.jpg,/JS00T50F_0KH.jpg,/JS00T50F_0KH.jpg
JS00T50F-0KW,/JS00T50F_0KW.jpg,/JS00T50F_0KW.jpg,/JS00T50F_0KW.jpg,/JS00T50F_0KW.jpg
JS00T50F-0WH,/JS00T50F_0WH.jpg,/JS00T50F_0WH.jpg,/JS00T50F_0WH.jpg,/JS00T50F_0WH.jpg
JS00T50F-0DQ,/T50F_0DQ.jpg,/T50F_0DQ.jpg,/T50F_0DQ.jpg,/T50F_0DQ.jpg
T50F-06F,/T50F_06F.jpg,/T50F_06F.jpg,/T50F_06F.jpg,/T50F_06F.jpg
JS00T50F-0NK,/JS00T50F_0NK.jpg,/JS00T50F_0NK.jpg,/JS00T50F_0NK.jpg,/JS00T50F_0NK.jpg
JS00T50F-01H,/T50F_01H.jpg,/T50F_01H.jpg,/T50F_01H.jpg,/T50F_01H.jpg
T50F-2C8,/T50F_2C8.jpg,/T50F_2C8.jpg,/T50F_2C8.jpg,/T50F_2C8.jpg
JS00T50F-0GT,/JS00T50F_0GT.jpg,/JS00T50F_0GT.jpg,/JS00T50F_0GT.jpg,/JS00T50F_0GT.jpg
JS00T69D-8WV,/T69D_8WV.jpg,/T69D_8WV.jpg,/T69D_8WV.jpg,/T69D_8WV.jpg
T69D-0A8,/T69D_0A8.jpg,/T69D_0A8.jpg,/T69D_0A8.jpg,/T69D_0A8.jpg
JS00T69D-0V8,/JS00T69D_0V8.jpg,/JS00T69D_0V8.jpg,/JS00T69D_0V8.jpg,/JS00T69D_0V8.jpg
T69D-5CS,/T69D_5CS.jpg,/T69D_5CS.jpg,/T69D_5CS.jpg,/T69D_5CS.jpg
JS00T69D-0JB,/JS00T69D_0JB.jpg,/JS00T69D_0JB.jpg,/JS00T69D_0JB.jpg,/JS00T69D_0JB.jpg
JS00T69D-0NR,/JS00T69D_0NR.jpg,/JS00T69D_0NR.jpg,/JS00T69D_0NR.jpg,/JS00T69D_0NR.jpg
JS00T69D-6XD,/JS00T69D_6XD.jpg,/JS00T69D_6XD.jpg,/JS00T69D_6XD.jpg,/JS00T69D_6XD.jpg
JS00T69D-0J9,/JS00T69D_0J9.jpg,/JS00T69D_0J9.jpg,/JS00T69D_0J9.jpg,/JS00T69D_0J9.jpg
JS00T69D-0J8,/JS00T69D_0J8.jpg,/JS00T69D_0J8.jpg,/JS00T69D_0J8.jpg,/JS00T69D_0J8.jpg
JS00T69D-04G,/JS00T69D_04G.jpg,/JS00T69D_04G.jpg,/JS00T69D_04G.jpg,/JS00T69D_04G.jpg
T69D-0AP,/T69D_0AP.jpg,/T69D_0AP.jpg,/T69D_0AP.jpg,/T69D_0AP.jpg
JS00T69D-0KH,/JS00T69D_0KH.jpg,/JS00T69D_0KH.jpg,/JS00T69D_0KH.jpg,/JS00T69D_0KH.jpg
T69D-09V,/T69D_09V.jpg,/T69D_09V.jpg,/T69D_09V.jpg,/T69D_09V.jpg
T69D-0A1,/T69D_0A1.jpg,/T69D_0A1.jpg,/T69D_0A1.jpg,/T69D_0A1.jpg
JS00T69D-0V6,/JS00T69D_0V6.jpg,/JS00T69D_0V6.jpg,/JS00T69D_0V6.jpg,/JS00T69D_0V6.jpg
T69D-0B5,/T69D_0B5.jpg,/T69D_0B5.jpg,/T69D_0B5.jpg,/T69D_0B5.jpg
JS00T69D-0FZ,/T69D_0FZ.jpg,/T69D_0FZ.jpg,/T69D_0FZ.jpg,/T69D_0FZ.jpg
JS00T69D-0E2,/JS00T69D_0E2.jpg,/JS00T69D_0E2.jpg,/JS00T69D_0E2.jpg,/JS00T69D_0E2.jpg
JS00T69D-0MV,/JS00T69D_0MV.jpg,/JS00T69D_0MV.jpg,/JS00T69D_0MV.jpg,/JS00T69D_0MV.jpg
JS00T69D-0WV,/JS00T69D_0WV.jpg,/JS00T69D_0WV.jpg,/JS00T69D_0WV.jpg,/JS00T69D_0WV.jpg
JS00T69D-0N0,/JS00T69D_0N0.jpg,/JS00T69D_0N0.jpg,/JS00T69D_0N0.jpg,/JS00T69D_0N0.jpg
T69D-ZK1,/T69D_ZK1.jpg,/T69D_ZK1.jpg,/T69D_ZK1.jpg,/T69D_ZK1.jpg
JS00T69D-0P5,/JS00T69D_0P5.jpg,/JS00T69D_0P5.jpg,/JS00T69D_0P5.jpg,/JS00T69D_0P5.jpg
T69F-ZS3,/T69F_ZS3.jpg,/T69F_ZS3.jpg,/T69F_ZS3.jpg,/T69F_ZS3.jpg
T69F-0AR,/T69F_0AR.jpg,/T69F_0AR.jpg,/T69F_0AR.jpg,/T69F_0AR.jpg
T69F-0CZ,/T69F_0CZ.jpg,/T69F_0CZ.jpg,/T69F_0CZ.jpg,/T69F_0CZ.jpg
JS00TN89-008,/JS00TN89_008.jpg,/JS00TN89_008.jpg,/JS00TN89_008.jpg,/JS00TN89_008.jpg
JS00TN89-0JE,/JS00TN89_0JE.jpg,/JS00TN89_0JE.jpg,/JS00TN89_0JE.jpg,/JS00TN89_0JE.jpg
JS00TN89-0E2,/JS00TN89_0E2.jpg,/JS00TN89_0E2.jpg,/JS00TN89_0E2.jpg,/JS00TN89_0E2.jpg
JS00TN89-0MV,/JS00TN89_0MV.jpg,/JS00TN89_0MV.jpg,/JS00TN89_0MV.jpg,/JS00TN89_0MV.jpg
JS00TN89-003,/JS00TN89_003.jpg,/JS00TN89_003.jpg,/JS00TN89_003.jpg,/JS00TN89_003.jpg
JS00TN89-0VQ,/JS00TN89_0VQ.jpg,/JS00TN89_0VQ.jpg,/JS00TN89_0VQ.jpg,/JS00TN89_0VQ.jpg
JS00TN89-0N0,/JS00TN89_0N0.jpg,/JS00TN89_0N0.jpg,/JS00TN89_0N0.jpg,/JS00TN89_0N0.jpg
JS00TN89-0NK,/JS00TN89_0NK.jpg,/JS00TN89_0NK.jpg,/JS00TN89_0NK.jpg,/JS00TN89_0NK.jpg
JS00TN89-9FL,/JS00TN89_9FL.jpg,/JS00TN89_9FL.jpg,/JS00TN89_9FL.jpg,/JS00TN89_9FL.jpg
TN89-01W,/TN89_01W.jpg,/TN89_01W.jpg,/TN89_01W.jpg,/TN89_01W.jpg
TN89-0A8,/TN89_0A8.jpg,/TN89_0A8.jpg,/TN89_0A8.jpg,/TN89_0A8.jpg
TN89-0AP,/TN89_0AP.jpg,/TN89_0AP.jpg,/TN89_0AP.jpg,/TN89_0AP.jpg
TZU9-008,/TZU9_008.jpg,/TZU9_008.jpg,/TZU9_008.jpg,/TZU9_008.jpg
TZU9-9HY,/TZU9_9HY.jpg,/TZU9_9HY.jpg,/TZU9_9HY.jpg,/TZU9_9HY.jpg
TZU9-9MM,/TZU9_9MM.jpg,/TZU9_9MM.jpg,/TZU9_9MM.jpg,/TZU9_9MM.jpg
TZV8-9MK,/TZV8_9MK.jpg,/TZV8_9MK.jpg,/TZV8_9MK.jpg,/TZV8_9MK.jpg
JS00T45G-008,/T45G_008.jpg,/T45G_008.jpg,/T45G_008.jpg,/T45G_008.jpg
T45G-5CS,/T45G_5CS.jpg,/T45G_5CS.jpg,/T45G_5CS.jpg,/T45G_5CS.jpg
JS00T45G-6XD,/T45G_6XD.jpg,/T45G_6XD.jpg,/T45G_6XD.jpg,/T45G_6XD.jpg
JS00T45G-0KJ,/JS00T45G_0KJ.jpg,/JS00T45G_0KJ.jpg,/JS00T45G_0KJ.jpg,/JS00T45G_0KJ.jpg
JS00T45G-0BE,/JS00T45G_0BE.jpg,/JS00T45G_0BE.jpg,/JS00T45G_0BE.jpg,/JS00T45G_0BE.jpg
T45G-0A1,/T45G_0A1.jpg,/T45G_0A1.jpg,/T45G_0A1.jpg,/T45G_0A1.jpg
JS00T45G-0E2,/JS00T45G_0E2.jpg,/JS00T45G_0E2.jpg,/JS00T45G_0E2.jpg,/JS00T45G_0E2.jpg
JS00T45G-9FL,/JS00T45G_9FL.jpg,/JS00T45G_9FL.jpg,/JS00T45G_9FL.jpg,/JS00T45G_9FL.jpg
JS00TAN1-0X1,/JS00TAN1_0X1.jpg,/JS00TAN1_0X1.jpg,/JS00TAN1_0X1.jpg,/JS00TAN1_0X1.jpg
TAN1-9ZG,/TAN1_9ZG.jpg,/TAN1_9ZG.jpg,/TAN1_9ZG.jpg,/TAN1_9ZG.jpg
JS00TAN1-008,/TAN1_008.jpg,/TAN1_008.jpg,/TAN1_008.jpg,/TAN1_008.jpg
JS00TAN1-06Q,/TAN1_06Q.jpg,/TAN1_06Q.jpg,/TAN1_06Q.jpg,/TAN1_06Q.jpg
JS00TAN1-01F,/TAN1_01F.jpg,/TAN1_01F.jpg,/TAN1_01F.jpg,/TAN1_01F.jpg
JS00TAN1-01B,/TAN1_01B.jpg,/TAN1_01B.jpg,/TAN1_01B.jpg,/TAN1_01B.jpg
JS00TAN1-0EG,/TAN1_0EG.jpg,/TAN1_0EG.jpg,/TAN1_0EG.jpg,/TAN1_0EG.jpg
TAN1-9RX,/TAN1_9RX.jpg,/TAN1_9RX.jpg,/TAN1_9RX.jpg,/TAN1_9RX.jpg
TAN1-ZE6,/TAN1_ZE6.jpg,/TAN1_ZE6.jpg,/TAN1_ZE6.jpg,/TAN1_ZE6.jpg
TAN1-2D5,/TAN1_2D5.jpg,/TAN1_2D5.jpg,/TAN1_2D5.jpg,/TAN1_2D5.jpg
TAN1-09V,/TAN1_09V.jpg,/TAN1_09V.jpg,/TAN1_09V.jpg,/TAN1_09V.jpg
JS00TAN1-0KL,/JS00TAN1_0KL.jpg,/JS00TAN1_0KL.jpg,/JS00TAN1_0KL.jpg,/JS00TAN1_0KL.jpg
TAN1-09Y,/TAN1_09Y.jpg,/TAN1_09Y.jpg,/TAN1_09Y.jpg,/TAN1_09Y.jpg
JS00TAN1-0A1,/TAN1_0A1.jpg,/TAN1_0A1.jpg,/TAN1_0A1.jpg,/TAN1_0A1.jpg
JS00TAN1-0WH,/JS00TAN1_0WH.jpg,/JS00TAN1_0WH.jpg,/JS00TAN1_0WH.jpg,/JS00TAN1_0WH.jpg
JS00TAN1-0DQ,/TAN1_0DQ.jpg,/TAN1_0DQ.jpg,/TAN1_0DQ.jpg,/TAN1_0DQ.jpg
JS00TAN1-0WR,/JS00TAN1_0WR.jpg,/JS00TAN1_0WR.jpg,/JS00TAN1_0WR.jpg,/JS00TAN1_0WR.jpg
JS00TAN1-0MV,/JS00TAN1_0MV.jpg,/JS00TAN1_0MV.jpg,/JS00TAN1_0MV.jpg,/JS00TAN1_0MV.jpg
JS00TAN1-0UG,/JS00TAN1_0UG.jpg,/JS00TAN1_0UG.jpg,/JS00TAN1_0UG.jpg,/JS00TAN1_0UG.jpg
JS00TAN1-0KN,/JS00TAN1_0KN.jpg,/JS00TAN1_0KN.jpg,/JS00TAN1_0KN.jpg,/JS00TAN1_0KN.jpg
JS00TAN1-0E9,/TAN1_0E9.jpg,/TAN1_0E9.jpg,/TAN1_0E9.jpg,/TAN1_0E9.jpg
JS00TAN1-0EM,/TAN1_0EM.jpg,/TAN1_0EM.jpg,/TAN1_0EM.jpg,/TAN1_0EM.jpg
JS00TAN1-003,/TAN1_003.jpg,/TAN1_003.jpg,/TAN1_003.jpg,/TAN1_003.jpg
JS00TAN1-0N0,/JS00TAN1_0N0.jpg,/JS00TAN1_0N0.jpg,/JS00TAN1_0N0.jpg,/JS00TAN1_0N0.jpg
T52M-ZY6,/T52M_ZY6.jpg,/T52M_ZY6.jpg,/T52M_ZY6.jpg,/T52M_ZY6.jpg
T52M-ZY7,/T52M_ZY7.jpg,/T52M_ZY7.jpg,/T52M_ZY7.jpg,/T52M_ZY7.jpg
JS00TDH6-9ZG,/TDH6_9ZG.jpg,/TDH6_9ZG.jpg,/TDH6_9ZG.jpg,/TDH6_9ZG.jpg
JS00TDH6-0JJ,/JS00TDH6_0JJ.jpg,/JS00TDH6_0JJ.jpg,/JS00TDH6_0JJ.jpg,/JS00TDH6_0JJ.jpg
JS00TDH6-008,/JS00TDH6_008.jpg,/JS00TDH6_008.jpg,/JS00TDH6_008.jpg,/JS00TDH6_008.jpg
TDH6-9RX,/TDH6_9RX.jpg,/TDH6_9RX.jpg,/TDH6_9RX.jpg,/TDH6_9RX.jpg
JS00TDH6-0XJ,/JS00TDH6_0XJ.jpg,/JS00TDH6_0XJ.jpg,/JS00TDH6_0XJ.jpg,/JS00TDH6_0XJ.jpg
JS00TDH6-0KL,/JS00TDH6_0KL.jpg,/JS00TDH6_0KL.jpg,/JS00TDH6_0KL.jpg,/JS00TDH6_0KL.jpg
TDH6-09Y,/TDH6_09Y.jpg,/TDH6_09Y.jpg,/TDH6_09Y.jpg,/TDH6_09Y.jpg
JS00TDH6-0UE,/JS00TDH6_0UE.jpg,/JS00TDH6_0UE.jpg,/JS00TDH6_0UE.jpg,/JS00TDH6_0UE.jpg
JS00TDH6-0KN,/JS00TDH6_0KN.jpg,/JS00TDH6_0KN.jpg,/JS00TDH6_0KN.jpg,/JS00TDH6_0KN.jpg
JS00TDH6-0D6,/JS00TDH6_0D6.jpg,/JS00TDH6_0D6.jpg,/JS00TDH6_0D6.jpg,/JS00TDH6_0D6.jpg
JS00TDH6-01H,/JS00TDH6_01H.jpg,/JS00TDH6_01H.jpg,/JS00TDH6_01H.jpg,/JS00TDH6_01H.jpg
JS00TDH6-05B,/JS00TDH6_05B.jpg,/JS00TDH6_05B.jpg,/JS00TDH6_05B.jpg,/JS00TDH6_05B.jpg
TDH6-2C8,/TDH6_2C8.jpg,/TDH6_2C8.jpg,/TDH6_2C8.jpg,/TDH6_2C8.jpg
JS00T52S-008,/JS00T52S_008.jpg,/JS00T52S_008.jpg,/JS00T52S_008.jpg,/JS00T52S_008.jpg
JS00T52S-0BL,/T52S_0BL.jpg,/T52S_0BL.jpg,/T52S_0BL.jpg,/T52S_0BL.jpg
T52S-9RV,/T52S_9RV.jpg,/T52S_9RV.jpg,/T52S_9RV.jpg,/T52S_9RV.jpg
JS00T52S-0UY,/JS00T52S_0UY.jpg,/JS00T52S_0UY.jpg,/JS00T52S_0UY.jpg,/JS00T52S_0UY.jpg
JS00T52S-6XJ,/T52S_6XJ.jpg,/T52S_6XJ.jpg,/T52S_6XJ.jpg,/T52S_6XJ.jpg
T52S-04Z,/T52S_04Z.jpg,/T52S_04Z.jpg,/T52S_04Z.jpg,/T52S_04Z.jpg
JS00T52S-0WW,/JS00T52S_0WW.jpg,/JS00T52S_0WW.jpg,/JS00T52S_0WW.jpg,/JS00T52S_0WW.jpg
JS00T52S-0WF,/JS00T52S_0WF.jpg,/JS00T52S_0WF.jpg,/JS00T52S_0WF.jpg,/JS00T52S_0WF.jpg
JS00TRS7-0AW,/TRS7_0AW.jpg,/TRS7_0AW.jpg,/TRS7_0AW.jpg,/TRS7_0AW.jpg
JS00TRS7-0DN,/JS00TRS7_0DN.jpg,/JS00TRS7_0DN.jpg,/JS00TRS7_0DN.jpg,/JS00TRS7_0DN.jpg
JS00TRS7-0EB,/JS00TRS7_0EB.jpg,/JS00TRS7_0EB.jpg,/JS00TRS7_0EB.jpg,/JS00TRS7_0EB.jpg
JS00TRS7-0DM,/JS00TRS7_0DM.jpg,/JS00TRS7_0DM.jpg,/JS00TRS7_0DM.jpg,/JS00TRS7_0DM.jpg
JS00TRS7-0AR,/TRS7_0AR.jpg,/TRS7_0AR.jpg,/TRS7_0AR.jpg,/TRS7_0AR.jpg
JS00TRS7-212,/TRS7_212.jpg,/TRS7_212.jpg,/TRS7_212.jpg,/TRS7_212.jpg
JS00T75J-0JB,/JS00T75J_0JB.jpg,/JS00T75J_0JB.jpg,/JS00T75J_0JB.jpg,/JS00T75J_0JB.jpg
JS00TRS7-0J1,/JS00TRS7_0J1.jpg,/JS00TRS7_0J1.jpg,/JS00TRS7_0J1.jpg,/JS00TRS7_0J1.jpg
JS00T75J-0NE,/JS00T75J_0NE.jpg,/JS00T75J_0NE.jpg,/JS00T75J_0NE.jpg,/JS00T75J_0NE.jpg
JS00TRS7-0EN,/JS00TRS7_0EN.jpg,/JS00TRS7_0EN.jpg,/JS00TRS7_0EN.jpg,/JS00TRS7_0EN.jpg
JS00TRS7-0KA,/JS00TRS7_0KA.jpg,/JS00TRS7_0KA.jpg,/JS00TRS7_0KA.jpg,/JS00TRS7_0KA.jpg
JS00TRS7-0E6,/JS00TRS7_0E6.jpg,/JS00TRS7_0E6.jpg,/JS00TRS7_0E6.jpg,/JS00TRS7_0E6.jpg
JS00TRS7-0GM,/JS00TRS7_0GM.jpg,/JS00TRS7_0GM.jpg,/JS00TRS7_0GM.jpg,/JS00TRS7_0GM.jpg
JS00TRS7-ZU5,/JS00TRS7_ZU5.jpg,/JS00TRS7_ZU5.jpg,/JS00TRS7_ZU5.jpg,/JS00TRS7_ZU5.jpg
JS00TRS7-0W3,/JS00TRS7_0W3.jpg,/JS00TRS7_0W3.jpg,/JS00TRS7_0W3.jpg,/JS00TRS7_0W3.jpg
JS00TRS7-0W1,/JS00TRS7_0W1.jpg,/JS00TRS7_0W1.jpg,/JS00TRS7_0W1.jpg,/JS00TRS7_0W1.jpg
JS00TRS7-0LV,/JS00TRS7_0LV.jpg,/JS00TRS7_0LV.jpg,/JS00TRS7_0LV.jpg,/JS00TRS7_0LV.jpg
JS00TRS7-0FU,/TRS7_0FU.jpg,/TRS7_0FU.jpg,/TRS7_0FU.jpg,/TRS7_0FU.jpg
JS00TRS7-0KB,/JS00TRS7_0KB.jpg,/JS00TRS7_0KB.jpg,/JS00TRS7_0KB.jpg,/JS00TRS7_0KB.jpg
JS00TRS7-0J0,/JS00TRS7_0J0.jpg,/JS00TRS7_0J0.jpg,/JS00TRS7_0J0.jpg,/JS00TRS7_0J0.jpg
JS00T75J-0N0,/JS00T75J_0N0.jpg,/JS00T75J_0N0.jpg,/JS00T75J_0N0.jpg,/JS00T75J_0N0.jpg
JS00T64U-0NY,/JS00T64U_0NY.jpg,/JS00T64U_0NY.jpg,/JS00T64U_0NY.jpg,/JS00T64U_0NY.jpg
JS00TRS7-0HY,/JS00TRS7_0HY.jpg,/JS00TRS7_0HY.jpg,/JS00TRS7_0HY.jpg,/JS00TRS7_0HY.jpg
JS0A2SDF-0WJ,/JS0A2SDF_0WJ.jpg,/JS0A2SDF_0WJ.jpg,/JS0A2SDF_0WJ.jpg,/JS0A2SDF_0WJ.jpg
JS0A2SDF-0LM,/JS0A2SDF_0LM.jpg,/JS0A2SDF_0LM.jpg,/JS0A2SDF_0LM.jpg,/JS0A2SDF_0LM.jpg
JS0A2SDF-0FD,/JS0A2SDF_0FD.jpg,/JS0A2SDF_0FD.jpg,/JS0A2SDF_0FD.jpg,/JS0A2SDF_0FD.jpg
JS0A2SDF-0U3,/JS0A2SDF_0U3.jpg,/JS0A2SDF_0U3.jpg,/JS0A2SDF_0U3.jpg,/JS0A2SDF_0U3.jpg
JS0A2SDF-0GG,/JS0A2SDF_0GG.jpg,/JS0A2SDF_0GG.jpg,/JS0A2SDF_0GG.jpg,/JS0A2SDF_0GG.jpg
JS0A2SDF-0LP,/JS0A2SDF_0LP.jpg,/JS0A2SDF_0LP.jpg,/JS0A2SDF_0LP.jpg,/JS0A2SDF_0LP.jpg
T29G-008,/T29G_008.jpg,/T29G_008.jpg,/T29G_008.jpg,/T29G_008.jpg
T29G-9RU,/T29G_9RU.jpg,/T29G_9RU.jpg,/T29G_9RU.jpg,/T29G_9RU.jpg
T29G-2C8,/T29G_2C8.jpg,/T29G_2C8.jpg,/T29G_2C8.jpg,/T29G_2C8.jpg
T29G-ZB3,/T29G_ZB3.jpg,/T29G_ZB3.jpg,/T29G_ZB3.jpg,/T29G_ZB3.jpg
JS00T13Y-008,/T13Y_008.jpg,/T13Y_008.jpg,/T13Y_008.jpg,/T13Y_008.jpg
T13Y-9RU,/T13Y_9RU.jpg,/T13Y_9RU.jpg,/T13Y_9RU.jpg,/T13Y_9RU.jpg
JS00T13Y-0LR,/JS00T13Y_0LR.jpg,/JS00T13Y_0LR.jpg,/JS00T13Y_0LR.jpg,/JS00T13Y_0LR.jpg
T13Y-9ZE,/T13Y_9ZE.jpg,/T13Y_9ZE.jpg,/T13Y_9ZE.jpg,/T13Y_9ZE.jpg
JS00T13Y-0FD,/JS00T13Y_0FD.jpg,/JS00T13Y_0FD.jpg,/JS00T13Y_0FD.jpg,/JS00T13Y_0FD.jpg
JS00T13Y-0TV,/JS00T13Y_0TV.jpg,/JS00T13Y_0TV.jpg,/JS00T13Y_0TV.jpg,/JS00T13Y_0TV.jpg
JS00T13Y-0L1,/JS00T13Y_0L1.jpg,/JS00T13Y_0L1.jpg,/JS00T13Y_0L1.jpg,/JS00T13Y_0L1.jpg
JS00T13Y-0J5,/JS00T13Y_0J5.jpg,/JS00T13Y_0J5.jpg,/JS00T13Y_0J5.jpg,/JS00T13Y_0J5.jpg
JS00T13Y-0ZJ,/JS00T13Y_0ZJ.jpg,/JS00T13Y_0ZJ.jpg,/JS00T13Y_0ZJ.jpg,/JS00T13Y_0ZJ.jpg
JS00T13Y-0KE,/JS00T13Y_0KE.jpg,/JS00T13Y_0KE.jpg,/JS00T13Y_0KE.jpg,/JS00T13Y_0KE.jpg
JS0A2T3F-0WV,/JS0A2T3F_0WV.jpg,/JS0A2T3F_0WV.jpg,/JS0A2T3F_0WV.jpg,/JS0A2T3F_0WV.jpg
JS0A2T3F-9RS,/JS0A2T3F_9RS.jpg,/JS0A2T3F_9RS.jpg,/JS0A2T3F_9RS.jpg,/JS0A2T3F_9RS.jpg
T45D-008,/T45D_008.jpg,/T45D_008.jpg,/T45D_008.jpg,/T45D_008.jpg
T45D-01V,/T45D_01V.jpg,/T45D_01V.jpg,/T45D_01V.jpg,/T45D_01V.jpg
T45D-ZG8,/T45D_ZG8.jpg,/T45D_ZG8.jpg,/T45D_ZG8.jpg,/T45D_ZG8.jpg
JS00T49C-0UE,/JS00T49C_0UE.jpg,/JS00T49C_0UE.jpg,/JS00T49C_0UE.jpg,/JS00T49C_0UE.jpg
JS00T49C-0VQ,/JS00T49C_0VQ.jpg,/JS00T49C_0VQ.jpg,/JS00T49C_0VQ.jpg,/JS00T49C_0VQ.jpg
T49B-008,/T49B_008.jpg,/T49B_008.jpg,/T49B_008.jpg,/T49B_008.jpg
JS00T54R-008,/JS00T54R_008.jpg,/JS00T54R_008.jpg,/JS00T54R_008.jpg,/JS00T54R_008.jpg
JS00T54R-0N2,/JS00T54R_0N2.jpg,/JS00T54R_0N2.jpg,/JS00T54R_0N2.jpg,/JS00T54R_0N2.jpg
JS00T54R-0KL,/JS00T54R_0KL.jpg,/JS00T54R_0KL.jpg,/JS00T54R_0KL.jpg,/JS00T54R_0KL.jpg
T54R-0A1,/T54R_0A1.jpg,/T54R_0A1.jpg,/T54R_0A1.jpg,/T54R_0A1.jpg
JS00T54R-0WH,/JS00T54R_0WH.jpg,/JS00T54R_0WH.jpg,/JS00T54R_0WH.jpg,/JS00T54R_0WH.jpg
JS00T54R-9RS,/T54R_9RS.jpg,/T54R_9RS.jpg,/T54R_9RS.jpg,/T54R_9RS.jpg
JS00T54R-01H,/JS00T54R_01H.jpg,/JS00T54R_01H.jpg,/JS00T54R_01H.jpg,/JS00T54R_01H.jpg
T54R-2C8,/T54R_2C8.jpg,/T54R_2C8.jpg,/T54R_2C8.jpg,/T54R_2C8.jpg
JS0A2T39-008,/JS0A2T39_008.jpg,/JS0A2T39_008.jpg,/JS0A2T39_008.jpg,/JS0A2T39_008.jpg
JS0A2T39-0J9,/JS0A2T39_0J9.jpg,/JS0A2T39_0J9.jpg,/JS0A2T39_0J9.jpg,/JS0A2T39_0J9.jpg
JS0A2T39-0P0,/JS0A2T39_0P0.jpg,/JS0A2T39_0P0.jpg,/JS0A2T39_0P0.jpg,/JS0A2T39_0P0.jpg
JS0A2T39-9RS,/JS0A2T39_9RS.jpg,/JS0A2T39_9RS.jpg,/JS0A2T39_9RS.jpg,/JS0A2T39_9RS.jpg
JS00T08W-0MS,/JS00T08W_0MS.jpg,/JS00T08W_0MS.jpg,/JS00T08W_0MS.jpg,/JS00T08W_0MS.jpg
JS00T08W-0NT,/JS00T08W_0NT.jpg,/JS00T08W_0NT.jpg,/JS00T08W_0NT.jpg,/JS00T08W_0NT.jpg
JS00T08W-1J0,/T08W_1J0.jpg,/T08W_1J0.jpg,/T08W_1J0.jpg,/T08W_1J0.jpg
JS00T08W-0MT,/JS00T08W_0MT.jpg,/JS00T08W_0MT.jpg,/JS00T08W_0MT.jpg,/JS00T08W_0MT.jpg
JS00T08W-0EL,/T08W_0EL.jpg,/T08W_0EL.jpg,/T08W_0EL.jpg,/T08W_0EL.jpg
JS00T08W-0CS,/T08W_0CS.jpg,/T08W_0CS.jpg,/T08W_0CS.jpg,/T08W_0CS.jpg
JS00T08W-0CU,/T08W_0CU.jpg,/T08W_0CU.jpg,/T08W_0CU.jpg,/T08W_0CU.jpg
JS00T08W-0GJ,/T08W_0GJ.jpg,/T08W_0GJ.jpg,/T08W_0GJ.jpg,/T08W_0GJ.jpg
JS00T08W-0XJ,/JS00T08W_0XJ.jpg,/JS00T08W_0XJ.jpg,/JS00T08W_0XJ.jpg,/JS00T08W_0XJ.jpg
JS00T08W-0FZ,/T08W_0FZ.jpg,/T08W_0FZ.jpg,/T08W_0FZ.jpg,/T08W_0FZ.jpg
JS00T08W-0MV,/JS00T08W_0MV.jpg,/JS00T08W_0MV.jpg,/JS00T08W_0MV.jpg,/JS00T08W_0MV.jpg
JS00T08W-0D9,/JS00T08W_0D9.jpg,/JS00T08W_0D9.jpg,/JS00T08W_0D9.jpg,/JS00T08W_0D9.jpg
JS00T08W-0MU,/JS00T08W_0MU.jpg,/JS00T08W_0MU.jpg,/JS00T08W_0MU.jpg,/JS00T08W_0MU.jpg
JS00T08W-0CT,/T08W_0CT.jpg,/T08W_0CT.jpg,/T08W_0CT.jpg,/T08W_0CT.jpg
JS00T68X-0ED,/T68X_0ED.jpg,/T68X_0ED.jpg,/T68X_0ED.jpg,/T68X_0ED.jpg
JS00T68X-0DQ,/T68X_0DQ.jpg,/T68X_0DQ.jpg,/T68X_0DQ.jpg,/T68X_0DQ.jpg
JS00T68X-0DU,/T68X_0DU.jpg,/T68X_0DU.jpg,/T68X_0DU.jpg,/T68X_0DU.jpg
JS00T55B-008,/JS00T55B_008.jpg,/JS00T55B_008.jpg,/JS00T55B_008.jpg,/JS00T55B_008.jpg
JS00T55B-0TC,/JS00T55B_0TC.jpg,/JS00T55B_0TC.jpg,/JS00T55B_0TC.jpg,/JS00T55B_0TC.jpg
JS00T55B-9ZE,/JS00T55B_9ZE.jpg,/JS00T55B_9ZE.jpg,/JS00T55B_9ZE.jpg,/JS00T55B_9ZE.jpg
JS00T55B-0N2,/JS00T55B_0N2.jpg,/JS00T55B_0N2.jpg,/JS00T55B_0N2.jpg,/JS00T55B_0N2.jpg
JS00T55B-003,/JS00T55B_003.jpg,/JS00T55B_003.jpg,/JS00T55B_003.jpg,/JS00T55B_003.jpg
T38U-1Z3,/T38U_1Z2.jpg,/T38U_1Z2.jpg,/T38U_1Z2.jpg,/T38U_1Z2.jpg
JS00T70F-008,/JS00T70F_008.jpg,/JS00T70F_008.jpg,/JS00T70F_008.jpg,/JS00T70F_008.jpg
JS00T70F-0F3,/JS00T70F_0F3.jpg,/JS00T70F_0F3.jpg,/JS00T70F_0F3.jpg,/JS00T70F_0F3.jpg
JS00T70F-0FX,/JS00T70F_0FX.jpg,/JS00T70F_0FX.jpg,/JS00T70F_0FX.jpg,/JS00T70F_0FX.jpg
JS00T70F-9ZE,/JS00T70F_9ZE.jpg,/JS00T70F_9ZE.jpg,/JS00T70F_9ZE.jpg,/JS00T70F_9ZE.jpg
JS00T70F-05D,/JS00T70F_05D.jpg,/JS00T70F_05D.jpg,/JS00T70F_05D.jpg,/JS00T70F_05D.jpg
JS00T70F-0H4,/JS00T70F_0H4.jpg,/JS00T70F_0H4.jpg,/JS00T70F_0H4.jpg,/JS00T70F_0H4.jpg
JS00T70F-9FL,/JS00T70F_9FL.jpg,/JS00T70F_9FL.jpg,/JS00T70F_9FL.jpg,/JS00T70F_9FL.jpg
TYP7-9ZG,/TYP7_9ZG.jpg,/TYP7_9ZG.jpg,/TYP7_9ZG.jpg,/TYP7_9ZG.jpg
JS00TYP7-2D6,/JS00TYP7_2D6.jpg,/JS00TYP7_2D6.jpg,/JS00TYP7_2D6.jpg,/JS00TYP7_2D6.jpg
TYP7-1P7,/TYP7_1P7.jpg,/TYP7_1P7.jpg,/TYP7_1P7.jpg,/TYP7_1P7.jpg
JS00TYP7-008,/JS00TYP7_008.jpg,/JS00TYP7_008.jpg,/JS00TYP7_008.jpg,/JS00TYP7_008.jpg
JS00TYP7-01F,/TYP7_01F.jpg,/TYP7_01F.jpg,/TYP7_01F.jpg,/TYP7_01F.jpg
JS00TYP7-04T,/JS00TYP7_04T.jpg,/JS00TYP7_04T.jpg,/JS00TYP7_04T.jpg,/JS00TYP7_04T.jpg
JS00TYP7-05C,/JS00TYP7_05C.jpg,/JS00TYP7_05C.jpg,/JS00TYP7_05C.jpg,/JS00TYP7_05C.jpg
JS00TYP7-0F3,/JS00TYP7_0F3.jpg,/JS00TYP7_0F3.jpg,/JS00TYP7_0F3.jpg,/JS00TYP7_0F3.jpg
JS00T58T-0U2,/JS00T58T_0U2.jpg,/JS00T58T_0U2.jpg,/JS00T58T_0U2.jpg,/JS00T58T_0U2.jpg
TYP7-9RU,/TYP7_9RU.jpg,/TYP7_9RU.jpg,/TYP7_9RU.jpg,/TYP7_9RU.jpg
JS00TZR6-0FM,/TZR6_0FM.jpg,/TZR6_0FM.jpg,/TZR6_0FM.jpg,/TZR6_0FM.jpg
JS00TZR6-0B4,/TZR6_0B4.jpg,/TZR6_0B4.jpg,/TZR6_0B4.jpg,/TZR6_0B4.jpg
JS00TZR6-0VE,/JS00TZR6_0VE.jpg,/JS00TZR6_0VE.jpg,/JS00TZR6_0VE.jpg,/JS00TZR6_0VE.jpg
JS00TZR6-0FD,/JS00TZR6_0FD.jpg,/JS00TZR6_0FD.jpg,/JS00TZR6_0FD.jpg,/JS00TZR6_0FD.jpg
JS00TZR6-03E,/TZR6_03E.jpg,/TZR6_03E.jpg,/TZR6_03E.jpg,/TZR6_03E.jpg
JS00TZR6-0ER,/TZR6_0ER.jpg,/TZR6_0ER.jpg,/TZR6_0ER.jpg,/TZR6_0ER.jpg
JS00TZR6-0JN,/JS00TZR6_0JN.jpg,/JS00TZR6_0JN.jpg,/JS00TZR6_0JN.jpg,/JS00TZR6_0JN.jpg
JS00TZR6-0U7,/JS00TZR6_0U7.jpg,/JS00TZR6_0U7.jpg,/JS00TZR6_0U7.jpg,/JS00TZR6_0U7.jpg
JS00TZR6-0TT,/JS00TZR6_0TT.jpg,/JS00TZR6_0TT.jpg,/JS00TZR6_0TT.jpg,/JS00TZR6_0TT.jpg
TZR6-ZS8,/TZR6_ZS8.jpg,/TZR6_ZS8.jpg,/TZR6_ZS8.jpg,/TZR6_ZS8.jpg
TYP7-04X,/TYP7_04X.jpg,/TYP7_04X.jpg,/TYP7_04X.jpg,/TYP7_04X.jpg
JS00TYP7-0FX,/JS00TYP7_0FX.jpg,/JS00TYP7_0FX.jpg,/JS00TYP7_0FX.jpg,/JS00TYP7_0FX.jpg
TYP7-5CN,/TYP7_5CN.jpg,/TYP7_5CN.jpg,/TYP7_5CN.jpg,/TYP7_5CN.jpg
TYP7-9ZE,/TYP7_9ZE.jpg,/TYP7_9ZE.jpg,/TYP7_9ZE.jpg,/TYP7_9ZE.jpg
JS00TYP7-5KS,/JS00TYP7_5KS.jpg,/JS00TYP7_5KS.jpg,/JS00TYP7_5KS.jpg,/JS00TYP7_5KS.jpg
TYP7-01G,/TYP7_01G.jpg,/TYP7_01G.jpg,/TYP7_01G.jpg,/TYP7_01G.jpg
JS00TYP7-05D,/TYP7_05D.jpg,/TYP7_05D.jpg,/TYP7_05D.jpg,/TYP7_05D.jpg
JS00TYP7-003,/JS00TYP7_003.jpg,/JS00TYP7_003.jpg,/JS00TYP7_003.jpg,/JS00TYP7_003.jpg
TYP7-01E,/TYP7_01E.jpg,/TYP7_01E.jpg,/TYP7_01E.jpg,/TYP7_01E.jpg
JS00TYP7-0H4,/JS00TYP7_0H4.jpg,/JS00TYP7_0H4.jpg,/JS00TYP7_0H4.jpg,/JS00TYP7_0H4.jpg
JS00TYP7-04S,/JS00TYP7_04S.jpg,/JS00TYP7_04S.jpg,/JS00TYP7_04S.jpg,/JS00TYP7_04S.jpg
JS00TYP7-0D6,/JS00TYP7_0D6.jpg,/JS00TYP7_0D6.jpg,/JS00TYP7_0D6.jpg,/JS00TYP7_0D6.jpg
TYP7-01H,/JS00TYP7_01H.jpg,/JS00TYP7_01H.jpg,/JS00TYP7_01H.jpg,/JS00TYP7_01H.jpg
JS00TYP7-0D5,/JS00TYP7_0D5.jpg,/JS00TYP7_0D5.jpg,/JS00TYP7_0D5.jpg,/JS00TYP7_0D5.jpg
TYP7-9FL,/TYP7_9FL.jpg,/TYP7_9FL.jpg,/TYP7_9FL.jpg,/TYP7_9FL.jpg
TYP7-2C8,/TYP7_2C8.jpg,/TYP7_2C8.jpg,/TYP7_2C8.jpg,/TYP7_2C8.jpg
T49Z-ZB5,/T49Z_ZB5.jpg,/T49Z_ZB5.jpg,/T49Z_ZB5.jpg,/T49Z_ZB5.jpg
T49Z-ZL1,/T49Z_ZL1.jpg,/T49Z_ZL1.jpg,/T49Z_ZL1.jpg,/T49Z_ZL1.jpg
T49Z-ZB6,/T49Z_ZB6.jpg,/T49Z_ZB6.jpg,/T49Z_ZB6.jpg,/T49Z_ZB6.jpg
T49Z-ZB4,/T49Z_ZB4.jpg,/T49Z_ZB4.jpg,/T49Z_ZB4.jpg,/T49Z_ZB4.jpg
T49Z-ZB3,/T49Z_ZB3.jpg,/T49Z_ZB3.jpg,/T49Z_ZB3.jpg,/T49Z_ZB3.jpg
TYP7-7MM,/TYP7_7MM.jpg,/TYP7_7MM.jpg,/TYP7_7MM.jpg,/TYP7_7MM.jpg
JS0A2T3C-008,/JS0A2T3C_008.jpg,/JS0A2T3C_008.jpg,/JS0A2T3C_008.jpg,/JS0A2T3C_008.jpg
T34J-5CS,/T34J_5CS.jpg,/T34J_5CS.jpg,/T34J_5CS.jpg,/T34J_5CS.jpg
T34J-6XJ,/T34J_6XJ.jpg,/T34J_6XJ.jpg,/T34J_6XJ.jpg,/T34J_6XJ.jpg
T35V-5CS,/T35V_5CS.jpg,/T35V_5CS.jpg,/T35V_5CS.jpg,/T35V_5CS.jpg
T35V-6XJ,/T35V_6XJ.jpg,/T35V_6XJ.jpg,/T35V_6XJ.jpg,/T35V_6XJ.jpg
T27B-ZM4,/T27B_ZM4.jpg,/T27B_ZM4.jpg,/T27B_ZM4.jpg,/T27B_ZM4.jpg
T27B-9RW,/T27B_9RW.jpg,/T27B_9RW.jpg,/T27B_9RW.jpg,/T27B_9RW.jpg
T27B-1E5,/T27B_1E5.jpg,/T27B_1E5.jpg,/T27B_1E5.jpg,/T27B_1E5.jpg
JS00T55A-008,/T55A_008.jpg,/T55A_008.jpg,/T55A_008.jpg,/T55A_008.jpg
JS00T55A-0N2,/JS00T55A_0N2.jpg,/JS00T55A_0N2.jpg,/JS00T55A_0N2.jpg,/JS00T55A_0N2.jpg
JS00TDH7-008,/TDH7_008.jpg,/TDH7_008.jpg,/TDH7_008.jpg,/TDH7_008.jpg
JS00TDH7-01F,/TDH7_01F.jpg,/TDH7_01F.jpg,/TDH7_01F.jpg,/TDH7_01F.jpg
JS00TDH7-8WG,/JS00TDH7_8WG.jpg,/JS00TDH7_8WG.jpg,/JS00TDH7_8WG.jpg,/JS00TDH7_8WG.jpg
JS00TDH7-01B,/TDH7_01B.jpg,/TDH7_01B.jpg,/TDH7_01B.jpg,/TDH7_01B.jpg
JS00TDH7-6XD,/TDH7_6XD.jpg,/TDH7_6XD.jpg,/TDH7_6XD.jpg,/TDH7_6XD.jpg
JS00TDH7-9RW,/TDH7_9RW.jpg,/TDH7_9RW.jpg,/TDH7_9RW.jpg,/TDH7_9RW.jpg
JS00TDH7-0XJ,/JS00TDH7_0XJ.jpg,/JS00TDH7_0XJ.jpg,/JS00TDH7_0XJ.jpg,/JS00TDH7_0XJ.jpg
JS00TDH7-0VT,/JS00TDH7_0VT.jpg,/JS00TDH7_0VT.jpg,/JS00TDH7_0VT.jpg,/JS00TDH7_0VT.jpg
JS00TDH7-0X1,/JS00TDH7_0X1.jpg,/JS00TDH7_0X1.jpg,/JS00TDH7_0X1.jpg,/JS00TDH7_0X1.jpg
JS00TDH7-0JP,/JS00TDH7_0JP.jpg,/JS00TDH7_0JP.jpg,/JS00TDH7_0JP.jpg,/JS00TDH7_0JP.jpg
JS00TDH7-0UG,/JS00TDH7_0UG.jpg,/JS00TDH7_0UG.jpg,/JS00TDH7_0UG.jpg,/JS00TDH7_0UG.jpg
JS00TDH7-0KN,/JS00TDH7_0KN.jpg,/JS00TDH7_0KN.jpg,/JS00TDH7_0KN.jpg,/JS00TDH7_0KN.jpg
JS00TDH7-0EM,/TDH7_0EM.jpg,/TDH7_0EM.jpg,/TDH7_0EM.jpg,/TDH7_0EM.jpg
TDH7-003,/TDH7_003.jpg,/TDH7_003.jpg,/TDH7_003.jpg,/TDH7_003.jpg
JS00T64Q-0F8,/T64Q_0F8.jpg,/T64Q_0F8.jpg,/T64Q_0F8.jpg,/T64Q_0F8.jpg
JS00T64Q-0FP,/T64Q_0FP.jpg,/T64Q_0FP.jpg,/T64Q_0FP.jpg,/T64Q_0FP.jpg
JS0A2SDR-0UQ,/JS0A2SDR_0UQ.jpg,/JS0A2SDR_0UQ.jpg,/JS0A2SDR_0UQ.jpg,/JS0A2SDR_0UQ.jpg
T64Q-02S,/T64Q_02S.jpg,/T64Q_02S.jpg,/T64Q_02S.jpg,/T64Q_02S.jpg
JS00TVP8-0LM,/JS00TVP8_0LM.jpg,/JS00TVP8_0LM.jpg,/JS00TVP8_0LM.jpg,/JS00TVP8_0LM.jpg
TVP8-03G,/TVP8_03G.jpg,/TVP8_03G.jpg,/TVP8_03G.jpg,/TVP8_03G.jpg
JS00T64Q-0LF,/JS00T64Q_0LF.jpg,/JS00T64Q_0LF.jpg,/JS00T64Q_0LF.jpg,/JS00T64Q_0LF.jpg
JS00TVP8-0LN,/JS00TVP8_0LN.jpg,/JS00TVP8_0LN.jpg,/JS00TVP8_0LN.jpg,/JS00TVP8_0LN.jpg
JS00T64Q-0LQ,/JS00T64Q_0LQ.jpg,/JS00T64Q_0LQ.jpg,/JS00T64Q_0LQ.jpg,/JS00T64Q_0LQ.jpg
JS00T64Q-0FF,/T64Q_0FF.jpg,/T64Q_0FF.jpg,/T64Q_0FF.jpg,/T64Q_0FF.jpg
TVP8-04P,/TVP8_04P.jpg,/TVP8_04P.jpg,/TVP8_04P.jpg,/TVP8_04P.jpg
JS00TVP8-0GG,/TVP8_0GG.jpg,/TVP8_0GG.jpg,/TVP8_0GG.jpg,/TVP8_0GG.jpg
JS00TVP8-0GH,/TVP8_0GH.jpg,/TVP8_0GH.jpg,/TVP8_0GH.jpg,/TVP8_0GH.jpg
JS00TVP8-0LP,/JS00TVP8_0LP.jpg,/JS00TVP8_0LP.jpg,/JS00TVP8_0LP.jpg,/JS00TVP8_0LP.jpg
JS00TVP8-0KZ,/JS00TVP8_0KZ.jpg,/JS00TVP8_0KZ.jpg,/JS00TVP8_0KZ.jpg,/JS00TVP8_0KZ.jpg
JS00T501-0DH,/JS00T501_0DH.jpg,/JS00T501_0DH.jpg,/JS00T501_0DH.jpg,/JS00T501_0DH.jpg
JS00T501-0DQ,/T501_0DQ.jpg,/T501_0DQ.jpg,/T501_0DQ.jpg,/T501_0DQ.jpg
T501-9ZG,/JS00T501_9ZG.jpg,/JS00T501_9ZG.jpg,/JS00T501_9ZG.jpg,/JS00T501_9ZG.jpg
JS00T501-0JJ,/JS00T501_0JJ.jpg,/JS00T501_0JJ.jpg,/JS00T501_0JJ.jpg,/JS00T501_0JJ.jpg
T501-ZN6,/T501_ZN6.jpg,/T501_ZN6.jpg,/T501_ZN6.jpg,/T501_ZN6.jpg
JS00T501-0JT,/JS00T501_0JT.jpg,/JS00T501_0JT.jpg,/JS00T501_0JT.jpg,/JS00T501_0JT.jpg
T501-1Y9,/T501_1Y9.jpg,/T501_1Y9.jpg,/T501_1Y9.jpg,/T501_1Y9.jpg
JS00T501-008,/JS00T501_008.jpg,/JS00T501_008.jpg,/JS00T501_008.jpg,/JS00T501_008.jpg
JS00T501-0KM,/JS00T501_0KM.jpg,/JS00T501_0KM.jpg,/JS00T501_0KM.jpg,/JS00T501_0KM.jpg
JS00T501-09Z,/T501_09Z.jpg,/T501_09Z.jpg,/T501_09Z.jpg,/T501_09Z.jpg
JS00T501-0AA,/T501_0AA.jpg,/T501_0AA.jpg,/T501_0AA.jpg,/T501_0AA.jpg
JS00T501-0JR,/JS00T501_0JR.jpg,/JS00T501_0JR.jpg,/JS00T501_0JR.jpg,/JS00T501_0JR.jpg
T501-06N,/T501_06N.jpg,/T501_06N.jpg,/T501_06N.jpg,/T501_06N.jpg
JS00T501-0LC,/JS00T501_0LC.jpg,/JS00T501_0LC.jpg,/JS00T501_0LC.jpg,/JS00T501_0LC.jpg
JS00T501-06Q,/T501_06Q.jpg,/T501_06Q.jpg,/T501_06Q.jpg,/T501_06Q.jpg
JS00T501-0EK,/T501_0EK.jpg,/T501_0EK.jpg,/T501_0EK.jpg,/T501_0EK.jpg
JS00T501-01F,/JS00T501_01F.jpg,/JS00T501_01F.jpg,/JS00T501_01F.jpg,/JS00T501_01F.jpg
T501-5CS,/JS00T501_5CS.jpg,/JS00T501_5CS.jpg,/JS00T501_5CS.jpg,/JS00T501_5CS.jpg
JS00T501-0DR,/T501_0DR.jpg,/T501_0DR.jpg,/T501_0DR.jpg,/T501_0DR.jpg
T501-9SA,/T501_9SA.jpg,/T501_9SA.jpg,/T501_9SA.jpg,/T501_9SA.jpg
JS00T501-01B,/JS00T501_01B.jpg,/JS00T501_01B.jpg,/JS00T501_01B.jpg,/JS00T501_01B.jpg
JS00T501-0EG,/T501_0EG.jpg,/T501_0EG.jpg,/T501_0EG.jpg,/T501_0EG.jpg
JS00T501-0ED,/T501_0ED.jpg,/T501_0ED.jpg,/T501_0ED.jpg,/T501_0ED.jpg
JS00T501-ZU3,/T501_ZU3.jpg,/T501_ZU3.jpg,/T501_ZU3.jpg,/T501_ZU3.jpg
JS00T501-0EF,/T501_0EF.jpg,/T501_0EF.jpg,/T501_0EF.jpg,/T501_0EF.jpg
JS00T501-04W,/JS00T501_04W.jpg,/JS00T501_04W.jpg,/JS00T501_04W.jpg,/JS00T501_04W.jpg
JS00T501-1Q4,/T501_1Q4.jpg,/T501_1Q4.jpg,/T501_1Q4.jpg,/T501_1Q4.jpg
JS00T501-9RX,/T501_9RX.jpg,/T501_9RX.jpg,/T501_9RX.jpg,/T501_9RX.jpg
T501-6XD,/JS00T501_6XD.jpg,/JS00T501_6XD.jpg,/JS00T501_6XD.jpg,/JS00T501_6XD.jpg
JS00T501-0WS,/JS00T501_0WS.jpg,/JS00T501_0WS.jpg,/JS00T501_0WS.jpg,/JS00T501_0WS.jpg
JS00T501-0BE,/T501_0BE.jpg,/T501_0BE.jpg,/T501_0BE.jpg,/T501_0BE.jpg
T501-0A5,/T501_0A5.jpg,/T501_0A5.jpg,/T501_0A5.jpg,/T501_0A5.jpg
T501-9RW,/T501_9RW.jpg,/T501_9RW.jpg,/T501_9RW.jpg,/T501_9RW.jpg
JS00T501-0KH,/JS00T501_0KH.jpg,/JS00T501_0KH.jpg,/JS00T501_0KH.jpg,/JS00T501_0KH.jpg
T501-0BF,/T501_0BF.jpg,/T501_0BF.jpg,/T501_0BF.jpg,/T501_0BF.jpg
JS00T501-ZQ1,/JS00T501_ZQ1.jpg,/JS00T501_ZQ1.jpg,/JS00T501_ZQ1.jpg,/JS00T501_ZQ1.jpg
JS00T501-0GB,/T501_0GB.jpg,/T501_0GB.jpg,/T501_0GB.jpg,/T501_0GB.jpg
JS00T501-0DY,/T501_0DY.jpg,/T501_0DY.jpg,/T501_0DY.jpg,/T501_0DY.jpg
JS00T501-0KL,/JS00T501_0KL.jpg,/JS00T501_0KL.jpg,/JS00T501_0KL.jpg,/JS00T501_0KL.jpg
JS00T501-0WA,/JS00T501_0WA.jpg,/JS00T501_0WA.jpg,/JS00T501_0WA.jpg,/JS00T501_0WA.jpg
JS00T501-0JE,/JS00T501_0JE.jpg,/JS00T501_0JE.jpg,/JS00T501_0JE.jpg,/JS00T501_0JE.jpg
JS00T501-0JF,/JS00T501_0JF.jpg,/JS00T501_0JF.jpg,/JS00T501_0JF.jpg,/JS00T501_0JF.jpg
JS00T501-0W0,/JS00T501_0W0.jpg,/JS00T501_0W0.jpg,/JS00T501_0W0.jpg,/JS00T501_0W0.jpg
T501-0A0,/T501_0A0.jpg,/T501_0A0.jpg,/T501_0A0.jpg,/T501_0A0.jpg
JS00T501-0UE,/JS00T501_0UE.jpg,/JS00T501_0UE.jpg,/JS00T501_0UE.jpg,/JS00T501_0UE.jpg
JS00T501-0KP,/JS00T501_0KP.jpg,/JS00T501_0KP.jpg,/JS00T501_0KP.jpg,/JS00T501_0KP.jpg
JS00T501-0VT,/JS00T501_0VT.jpg,/JS00T501_0VT.jpg,/JS00T501_0VT.jpg,/JS00T501_0VT.jpg
JS00T501-0A1,/T501_0A1.jpg,/T501_0A1.jpg,/T501_0A1.jpg,/T501_0A1.jpg
JS00T501-0B5,/T501_0B5.jpg,/T501_0B5.jpg,/T501_0B5.jpg,/T501_0B5.jpg
JS00T501-0JL,/JS00T501_0JL.jpg,/JS00T501_0JL.jpg,/JS00T501_0JL.jpg,/JS00T501_0JL.jpg
JS00T501-0JM,/JS00T501_0JM.jpg,/JS00T501_0JM.jpg,/JS00T501_0JM.jpg,/JS00T501_0JM.jpg
JS00T501-0X1,/JS00T501_0X1.jpg,/JS00T501_0X1.jpg,/JS00T501_0X1.jpg,/JS00T501_0X1.jpg
JS00T501-0E2,/JS00T501_0E2.jpg,/JS00T501_0E2.jpg,/JS00T501_0E2.jpg,/JS00T501_0E2.jpg
T501-ZJ5,/T501_ZJ5.jpg,/T501_ZJ5.jpg,/T501_ZJ5.jpg,/T501_ZJ5.jpg
JS00T501-0JP,/JS00T501_0JP.jpg,/JS00T501_0JP.jpg,/JS00T501_0JP.jpg,/JS00T501_0JP.jpg
JS00T501-0AC,/T501_0AC.jpg,/T501_0AC.jpg,/T501_0AC.jpg,/T501_0AC.jpg
JS00T501-0DU,/JS00T501_0DU.jpg,/JS00T501_0DU.jpg,/JS00T501_0DU.jpg,/JS00T501_0DU.jpg
JS00T501-0AF,/T501_0AF.jpg,/T501_0AF.jpg,/T501_0AF.jpg,/T501_0AF.jpg
T501-0AG,/T501_0AG.jpg,/T501_0AG.jpg,/T501_0AG.jpg,/T501_0AG.jpg
JS00T501-0EJ,/T501_0EJ.jpg,/T501_0EJ.jpg,/T501_0EJ.jpg,/T501_0EJ.jpg
T501-0AD,/T501_0AD.jpg,/T501_0AD.jpg,/T501_0AD.jpg,/T501_0AD.jpg
JS00T501-0JS,/JS00T501_0JS.jpg,/JS00T501_0JS.jpg,/JS00T501_0JS.jpg,/JS00T501_0JS.jpg
JS00T501-0WZ,/JS00T501_0WZ.jpg,/JS00T501_0WZ.jpg,/JS00T501_0WZ.jpg,/JS00T501_0WZ.jpg
JS00T501-0KN,/JS00T501_0KN.jpg,/JS00T501_0KN.jpg,/JS00T501_0KN.jpg,/JS00T501_0KN.jpg
JS00T501-0VW,/JS00T501_0VW.jpg,/JS00T501_0VW.jpg,/JS00T501_0VW.jpg,/JS00T501_0VW.jpg
JS00T501-0E9,/T501_0E9.jpg,/T501_0E9.jpg,/T501_0E9.jpg,/T501_0E9.jpg
JS00T501-0JU,/JS00T501_0JU.jpg,/JS00T501_0JU.jpg,/JS00T501_0JU.jpg,/JS00T501_0JU.jpg
JS00T501-0JV,/JS00T501_0JV.jpg,/JS00T501_0JV.jpg,/JS00T501_0JV.jpg,/JS00T501_0JV.jpg
JS00T501-0JW,/JS00T501_0JW.jpg,/JS00T501_0JW.jpg,/JS00T501_0JW.jpg,/JS00T501_0JW.jpg
JS00T501-0JX,/JS00T501_0JX.jpg,/JS00T501_0JX.jpg,/JS00T501_0JX.jpg,/JS00T501_0JX.jpg
JS00T501-0EM,/JS00T501_0EM.jpg,/JS00T501_0EM.jpg,/JS00T501_0EM.jpg,/JS00T501_0EM.jpg
JS00T501-0JY,/JS00T501_0JY.jpg,/JS00T501_0JY.jpg,/JS00T501_0JY.jpg,/JS00T501_0JY.jpg
JS00T501-0AN,/T501_0AN.jpg,/T501_0AN.jpg,/T501_0AN.jpg,/T501_0AN.jpg
JS00T501-0L2,/JS00T501_0L2.jpg,/JS00T501_0L2.jpg,/JS00T501_0L2.jpg,/JS00T501_0L2.jpg
JS00T501-0VZ,/JS00T501_0VZ.jpg,/JS00T501_0VZ.jpg,/JS00T501_0VZ.jpg,/JS00T501_0VZ.jpg
JS00T501-0KJ,/JS00T501_0KJ.jpg,/JS00T501_0KJ.jpg,/JS00T501_0KJ.jpg,/JS00T501_0KJ.jpg
JS00T501-003,/JS00T501_003.jpg,/JS00T501_003.jpg,/JS00T501_003.jpg,/JS00T501_003.jpg
JS00T501-0DS,/T501_0DS.jpg,/T501_0DS.jpg,/T501_0DS.jpg,/T501_0DS.jpg
JS00T501-0VQ,/JS00T501_0VQ.jpg,/JS00T501_0VQ.jpg,/JS00T501_0VQ.jpg,/JS00T501_0VQ.jpg
JS00T501-0DG,/JS00T501_0DG.jpg,/JS00T501_0DG.jpg,/JS00T501_0DG.jpg,/JS00T501_0DG.jpg
T501-09P,/JS00T501_09P.jpg,/JS00T501_09P.jpg,/JS00T501_09P.jpg,/JS00T501_09P.jpg
JS00T501-5XP,/JS00T501_5XP.jpg,/JS00T501_5XP.jpg,/JS00T501_5XP.jpg,/JS00T501_5XP.jpg
JS00T501-0N0,/JS00T501_0N0.jpg,/JS00T501_0N0.jpg,/JS00T501_0N0.jpg,/JS00T501_0N0.jpg
JS00T501-0D6,/JS00T501_0D6.jpg,/JS00T501_0D6.jpg,/JS00T501_0D6.jpg,/JS00T501_0D6.jpg
JS00T501-0K4,/JS00T501_0K4.jpg,/JS00T501_0K4.jpg,/JS00T501_0K4.jpg,/JS00T501_0K4.jpg
JS00T501-0K7,/JS00T501_0K7.jpg,/JS00T501_0K7.jpg,/JS00T501_0K7.jpg,/JS00T501_0K7.jpg
JS00T501-01H,/T501_01H.jpg,/T501_01H.jpg,/T501_01H.jpg,/T501_01H.jpg
JS00T501-0D5,/JS00T501_0D5.jpg,/JS00T501_0D5.jpg,/JS00T501_0D5.jpg,/JS00T501_0D5.jpg
JS00T501-0P7,/JS00T501_0P7.jpg,/JS00T501_0P7.jpg,/JS00T501_0P7.jpg,/JS00T501_0P7.jpg
JS00T501-9FL,/JS00T501_9FL.jpg,/JS00T501_9FL.jpg,/JS00T501_9FL.jpg,/JS00T501_9FL.jpg
JS00T501-05B,/JS00T501_05B.jpg,/JS00T501_05B.jpg,/JS00T501_05B.jpg,/JS00T501_05B.jpg
T501-2C8,/T501_2C8.jpg,/T501_2C8.jpg,/T501_2C8.jpg,/T501_2C8.jpg
T501-1S4,/T501_1S4.jpg,/T501_1S4.jpg,/T501_1S4.jpg,/T501_1S4.jpg
JS00T501-7MM,/JS00T501_7MM.jpg,/JS00T501_7MM.jpg,/JS00T501_7MM.jpg,/JS00T501_7MM.jpg
JS00T501-06B,/T501_06B.jpg,/T501_06B.jpg,/T501_06B.jpg,/T501_06B.jpg
JS00T54S-008,/JS00T54S_008.jpg,/JS00T54S_008.jpg,/JS00T54S_008.jpg,/JS00T54S_008.jpg
T26Q-5SM,/T26Q_5SM.jpg,/T26Q_5SM.jpg,/T26Q_5SM.jpg,/T26Q_5SM.jpg
T26Q-6XJ,/T26Q_6XJ.jpg,/T26Q_6XJ.jpg,/T26Q_6XJ.jpg,/T26Q_6XJ.jpg
T26Q-9FL,/T26Q_9FL.jpg,/T26Q_9FL.jpg,/T26Q_9FL.jpg,/T26Q_9FL.jpg
T08U-9ZI,/T08U_9ZI.jpg,/T08U_9ZI.jpg,/T08U_9ZI.jpg,/T08U_9ZI.jpg
THE9-008,/JS00THE9_008.jpg,/JS00THE9_008.jpg,/JS00THE9_008.jpg,/JS00THE9_008.jpg
THE9-9QC,/THE9_9QC.jpg,/THE9_9QC.jpg,/THE9_9QC.jpg,/THE9_9QC.jpg
THE9-ZD9,/THE9_ZD9.jpg,/THE9_ZD9.jpg,/THE9_ZD9.jpg,/THE9_ZD9.jpg
THE9-ZT8,/THE9_ZT8.jpg,/THE9_ZT8.jpg,/THE9_ZT8.jpg,/THE9_ZT8.jpg
JS00THE9-0ED,/THE9_0ED.jpg,/THE9_0ED.jpg,/THE9_0ED.jpg,/THE9_0ED.jpg
THE9-ZY9,/THE9_ZY9.jpg,/THE9_ZY9.jpg,/THE9_ZY9.jpg,/THE9_ZY9.jpg
THE9-0A5,/THE9_0A5.jpg,/THE9_0A5.jpg,/THE9_0A5.jpg,/THE9_0A5.jpg
JS00THE9-0KL,/JS00THE9_0KL.jpg,/JS00THE9_0KL.jpg,/JS00THE9_0KL.jpg,/JS00THE9_0KL.jpg
JS00THE9-0UE,/JS00THE9_0UE.jpg,/JS00THE9_0UE.jpg,/JS00THE9_0UE.jpg,/JS00THE9_0UE.jpg
THE9-ZF6,/THE9_ZF6.jpg,/THE9_ZF6.jpg,/THE9_ZF6.jpg,/THE9_ZF6.jpg
JS00THE9-0DU,/THE9_0DU.jpg,/THE9_0DU.jpg,/THE9_0DU.jpg,/THE9_0DU.jpg
JS00THE9-0UG,/JS00THE9_0UG.jpg,/JS00THE9_0UG.jpg,/JS00THE9_0UG.jpg,/JS00THE9_0UG.jpg
JS00THE9-0JW,/JS00THE9_0JW.jpg,/JS00THE9_0JW.jpg,/JS00THE9_0JW.jpg,/JS00THE9_0JW.jpg
THE9-0AN,/THE9_0AN.jpg,/THE9_0AN.jpg,/THE9_0AN.jpg,/THE9_0AN.jpg
THE9-003,/THE9_003.jpg,/THE9_003.jpg,/THE9_003.jpg,/THE9_003.jpg
THE9-9QX,/THE9_9QX.jpg,/THE9_9QX.jpg,/THE9_9QX.jpg,/THE9_9QX.jpg
JS0A2T3A-0JB,/JS0A2T3A_0JB.jpg,/JS0A2T3A_0JB.jpg,/JS0A2T3A_0JB.jpg,/JS0A2T3A_0JB.jpg
JS0A2T3A-0J8,/JS0A2T3A_0J8.jpg,/JS0A2T3A_0J8.jpg,/JS0A2T3A_0J8.jpg,/JS0A2T3A_0J8.jpg
JS0A2T3A-0D6,/JS0A2T3A_0D6.jpg,/JS0A2T3A_0D6.jpg,/JS0A2T3A_0D6.jpg,/JS0A2T3A_0D6.jpg
T26Z,/T26Z_1F3.jpg,/T26Z_1F3.jpg,/T26Z_1F3.jpg,/T26Z_1F3.jpg
T17E,/T17E_9XV.jpg,/T17E_9XV.jpg,/T17E_9XV.jpg,/T17E_9XV.jpg
T17D,/T17D_1G2.jpg,/T17D_1G2.jpg,/T17D_1G2.jpg,/T17D_1G2.jpg
T17C,/T17C_9RW.jpg,/T17C_9RW.jpg,/T17C_9RW.jpg,/T17C_9RW.jpg
JS00T69J,/JS00T69J_0WJ.jpg,/JS00T69J_0WJ.jpg,/JS00T69J_0WJ.jpg,/JS00T69J_0WJ.jpg
JS00T14F,/JS00T14F_0XN.jpg,/JS00T14F_0XN.jpg,/JS00T14F_0XN.jpg,/JS00T14F_0XN.jpg
T26L,/T26L_9RX.jpg,/T26L_9RX.jpg,/T26L_9RX.jpg,/T26L_9RX.jpg
JS00T71A,/T71A_0N9.jpg,/T71A_0N9.jpg,/T71A_0N9.jpg,/T71A_0N9.jpg
JS0A2T3D,/JS0A2T3D_0KT.jpg,/JS0A2T3D_0KT.jpg,/JS0A2T3D_0KT.jpg,/JS0A2T3D_0KT.jpg
JS00TDN7,/TDN7_09Y.jpg,/TDN7_09Y.jpg,/TDN7_09Y.jpg,/TDN7_09Y.jpg
JS00T60G,/JS00T60G_0E1.jpg,/JS00T60G_0E1.jpg,/JS00T60G_0E1.jpg,/JS00T60G_0E1.jpg
T75H,/T75H_0AY.jpg,/T75H_0AY.jpg,/T75H_0AY.jpg,/T75H_0AY.jpg
JS00T29A,/JS00T29A_0K4.jpg,/JS00T29A_0K4.jpg,/JS00T29A_0K4.jpg,/JS00T29A_0K4.jpg
JS0A2SDD,/JS0A2SDD_9FL.jpg,/JS0A2SDD_9FL.jpg,/JS0A2SDD_9FL.jpg,/JS0A2SDD_9FL.jpg
T08T,/T08T-1V5.jpg,/T08T-1V5.jpg,/T08T-1V5.jpg,/T08T-1V5.jpg
JS00T69D,/JS00T69D_04G.jpg,/JS00T69D_04G.jpg,/JS00T69D_04G.jpg,/JS00T69D_04G.jpg
T69F,/T69F_0CZ.jpg,/T69F_0CZ.jpg,/T69F_0CZ.jpg,/T69F_0CZ.jpg
JS00TN89,/JS00TN89_0E2.jpg,/JS00TN89_0E2.jpg,/JS00TN89_0E2.jpg,/JS00TN89_0E2.jpg
TZU9,/TZU9_9MM.jpg,/TZU9_9MM.jpg,/TZU9_9MM.jpg,/TZU9_9MM.jpg
JS00TAN1,/TAN1_0EG.jpg,/TAN1_0EG.jpg,/TAN1_0EG.jpg,/TAN1_0EG.jpg
T52M,/T52M_ZY6.jpg,/T52M_ZY6.jpg,/T52M_ZY6.jpg,/T52M_ZY6.jpg
JS00TDH6,/JS00TDH6_0KN.jpg,/JS00TDH6_0KN.jpg,/JS00TDH6_0KN.jpg,/JS00TDH6_0KN.jpg
JS00T52S,/T52S_9RV.jpg,/T52S_9RV.jpg,/T52S_9RV.jpg,/T52S_9RV.jpg
JS00TRS7,/JS00TRS7_0LV.jpg,/JS00TRS7_0LV.jpg,/JS00TRS7_0LV.jpg,/JS00TRS7_0LV.jpg
JS0A2SDF,/JS0A2SDF_0FD.jpg,/JS0A2SDF_0FD.jpg,/JS0A2SDF_0FD.jpg,/JS0A2SDF_0FD.jpg
T29G,/T29G_ZB3.jpg,/T29G_ZB3.jpg,/T29G_ZB3.jpg,/T29G_ZB3.jpg
JS00T13Y,/JS00T13Y_0FD.jpg,/JS00T13Y_0FD.jpg,/JS00T13Y_0FD.jpg,/JS00T13Y_0FD.jpg
T45D,/T45D_01V.jpg,/T45D_01V.jpg,/T45D_01V.jpg,/T45D_01V.jpg
JS00T49B,/T49B_1W6_side.jpg,/T49B_1W6_side.jpg,/T49B_1W6_side.jpg,/T49B_1W6_side.jpg
JS0A2T39,/JS0A2T39_9RS.jpg,/JS0A2T39_9RS.jpg,/JS0A2T39_9RS.jpg,/JS0A2T39_9RS.jpg
JS00T08W,/JS00T08W_0MV.jpg,/JS00T08W_0MV.jpg,/JS00T08W_0MV.jpg,/JS00T08W_0MV.jpg
JS00T55B,/JS00T55B_0N2.jpg,/JS00T55B_0N2.jpg,/JS00T55B_0N2.jpg,/JS00T55B_0N2.jpg
JS00T70F,/JS00T70F_0F3.jpg,/JS00T70F_0F3.jpg,/JS00T70F_0F3.jpg,/JS00T70F_0F3.jpg
JS00TYP7,/TYP7_9ZG.jpg,/TYP7_9ZG.jpg,/TYP7_9ZG.jpg,/TYP7_9ZG.jpg
JS00TZR6,/TZR6_03E.jpg,/TZR6_03E.jpg,/TZR6_03E.jpg,/TZR6_03E.jpg
T49Z,/T49Z_ZB3.jpg,/T49Z_ZB3.jpg,/T49Z_ZB3.jpg,/T49Z_ZB3.jpg
JS0A2T3C,/JS0A2T3C_0VE.jpg,/JS0A2T3C_0VE.jpg,/JS0A2T3C_0VE.jpg,/JS0A2T3C_0VE.jpg
JS00T34J,/T34J_0BD.jpg,/T34J_0BD.jpg,/T34J_0BD.jpg,/T34J_0BD.jpg
T35V,/T35V_5CS.jpg,/T35V_5CS.jpg,/T35V_5CS.jpg,/T35V_5CS.jpg
T27B,/T27B_1E5.jpg,/T27B_1E5.jpg,/T27B_1E5.jpg,/T27B_1E5.jpg
JS00T55A,/JS00T55A_0N2.jpg,/JS00T55A_0N2.jpg,/JS00T55A_0N2.jpg,/JS00T55A_0N2.jpg
JS00T64Q,/JS00T64Q_0LQ.jpg,/JS00T64Q_0LQ.jpg,/JS00T64Q_0LQ.jpg,/JS00T64Q_0LQ.jpg
JS00T501,/JS00T501_0EM.jpg,/JS00T501_0EM.jpg,/JS00T501_0EM.jpg,/JS00T501_0EM.jpg
JS00T54S,/JS00T54S_008.jpg,/JS00T54S_008.jpg,/JS00T54S_008.jpg,/JS00T54S_008.jpg
T26Q,/T26Q_9FL.jpg,/T26Q_9FL.jpg,/T26Q_9FL.jpg,/T26Q_9FL.jpg
T08U,/T08U_9ZI.jpg,/T08U_9ZI.jpg,/T08U_9ZI.jpg,/T08U_9ZI.jpg
JS00THE9,/THE9_0A5.jpg,/THE9_0A5.jpg,/THE9_0A5.jpg,/THE9_0A5.jpg
